Project_ID,Country,State_Province,City_Mapping,City_Display,Project_Name,BI_Website,BI_Type,BI_Start_Date,BI_End_Date,Income_per_month_USD,Original_Experiment_Size,Final_Experiment_Size,Recipient_Type,Control_Sample_size,Treatment_Sample_Size,Other_links,Outcomes_Measured,Engagement Status,Funding,Country Status,Income Type,End Date Known
1,United States,New Jersey,Trenton,Trenton,The New Jersey Graduated Work Incentive Experiment,https://basicincome.org/news/2017/12/basic-income-guarantee-experiments-1970s-quick-summary-results/,Negative Income Tax,1968,1972,,1216,983,Household,,,file:///Users/jessicachew/Downloads/New%20Jersey%20Graduated%20Work.pdf,Work Effort/Labor Supply Responses,Experiment,Government,High income,Approximate,1
1,United States,New Jersey,Paterson,Paterson,The New Jersey Graduated Work Incentive Experiment,https://basicincome.org/news/2017/12/basic-income-guarantee-experiments-1970s-quick-summary-results/,Negative Income Tax,1969,1972,,1216,983,Household,,,file:///Users/jessicachew/Downloads/New%20Jersey%20Graduated%20Work.pdf,Work Effort/Labor Supply Responses,Experiment,Government,High income,Approximate,1
1,United States,New Jersey,Jersey City,Jersey,The New Jersey Graduated Work Incentive Experiment,https://basicincome.org/news/2017/12/basic-income-guarantee-experiments-1970s-quick-summary-results/,Negative Income Tax,1969,1972,,1216,983,Household,,,file:///Users/jessicachew/Downloads/New%20Jersey%20Graduated%20Work.pdf,Work Effort/Labor Supply Responses,Experiment,Government,High income,Approximate,1
1,United States,Pennsylvania,Scranton,Scranton,The New Jersey Graduated Work Incentive Experiment,https://basicincome.org/news/2017/12/basic-income-guarantee-experiments-1970s-quick-summary-results/,Negative Income Tax,1969,1972,,1216,983,Household,,,file:///Users/jessicachew/Downloads/New%20Jersey%20Graduated%20Work.pdf,Work Effort/Labor Supply Responses,Experiment,Government,High income,Approximate,1
2,United States,Iowa,Des Moines,Multiple Areas,The Rural Income-Maintenance Experiment,https://basicincome.org/news/2017/12/basic-income-guarantee-experiments-1970s-quick-summary-results/,Negative Income Tax,1970,1972,,809,729,Household,,,https://www.irp.wisc.edu/publications/sr/pdfs/sr10.pdf,Work Effort/Labor Supply Responses,Experiment,Government,High income,Approximate,1
2,United States,Iowa,Des Moines,Multiple Areas,The Rural Income-Maintenance Experiment,https://basicincome.org/news/2017/12/basic-income-guarantee-experiments-1970s-quick-summary-results/,Negative Income Tax,1970,1972,,809,729,Household,,,https://www.irp.wisc.edu/publications/sr/pdfs/sr10.pdf,Family Stability/Marital Dissolution/Family Interaction and Attitudes,Experiment,Government,High income,Approximate,1
2,United States,Iowa,Des Moines,Multiple Areas,The Rural Income-Maintenance Experiment,https://basicincome.org/news/2017/12/basic-income-guarantee-experiments-1970s-quick-summary-results/,Negative Income Tax,1970,1972,,809,729,Household,,,https://www.irp.wisc.edu/publications/sr/pdfs/sr10.pdf,Various forms of consumption,Experiment,Government,High income,Approximate,1
2,United States,Iowa,Des Moines,Multiple Areas,The Rural Income-Maintenance Experiment,https://basicincome.org/news/2017/12/basic-income-guarantee-experiments-1970s-quick-summary-results/,Negative Income Tax,1970,1972,,809,729,Household,,,https://www.irp.wisc.edu/publications/sr/pdfs/sr10.pdf,School performance,Experiment,Government,High income,Approximate,1
2,United States,Iowa,Des Moines,Multiple Areas,The Rural Income-Maintenance Experiment,https://basicincome.org/news/2017/12/basic-income-guarantee-experiments-1970s-quick-summary-results/,Negative Income Tax,1970,1972,,809,729,Household,,,https://www.irp.wisc.edu/publications/sr/pdfs/sr10.pdf,Farm profit,Experiment,Government,High income,Approximate,1
2,United States,Iowa,Des Moines,Multiple Areas,The Rural Income-Maintenance Experiment,https://basicincome.org/news/2017/12/basic-income-guarantee-experiments-1970s-quick-summary-results/,Negative Income Tax,1970,1972,,809,729,Household,,,https://www.irp.wisc.edu/publications/sr/pdfs/sr10.pdf,Nutrition/Diet Quality,Experiment,Government,High income,Approximate,1
2,United States,Iowa,Des Moines,Multiple Areas,The Rural Income-Maintenance Experiment,https://basicincome.org/news/2017/12/basic-income-guarantee-experiments-1970s-quick-summary-results/,Negative Income Tax,1970,1972,,809,729,Household,,,https://www.irp.wisc.edu/publications/sr/pdfs/sr10.pdf,Health Outcomes,Experiment,Government,High income,Approximate,1
2,United States,Iowa,Des Moines,Multiple Areas,The Rural Income-Maintenance Experiment,https://basicincome.org/news/2017/12/basic-income-guarantee-experiments-1970s-quick-summary-results/,Negative Income Tax,1970,1972,,809,729,Household,,,https://www.irp.wisc.edu/publications/sr/pdfs/sr10.pdf,Geographic mobility,Experiment,Government,High income,Approximate,1
2,United States,Iowa,Des Moines,Multiple Areas,The Rural Income-Maintenance Experiment,https://basicincome.org/news/2017/12/basic-income-guarantee-experiments-1970s-quick-summary-results/,Negative Income Tax,1970,1972,,809,729,Household,,,https://www.irp.wisc.edu/publications/sr/pdfs/sr10.pdf,Debt and asset holding,Experiment,Government,High income,Approximate,1
2,United States,Iowa,Des Moines,Multiple Areas,The Rural Income-Maintenance Experiment,https://basicincome.org/news/2017/12/basic-income-guarantee-experiments-1970s-quick-summary-results/,Negative Income Tax,1970,1972,,809,729,Household,,,https://www.irp.wisc.edu/publications/sr/pdfs/sr10.pdf,Psychological well-being,Experiment,Government,High income,Approximate,1
2,United States,Iowa,Des Moines,Multiple Areas,The Rural Income-Maintenance Experiment,https://basicincome.org/news/2017/12/basic-income-guarantee-experiments-1970s-quick-summary-results/,Negative Income Tax,1970,1972,,809,729,Household,,,https://www.irp.wisc.edu/publications/sr/pdfs/sr10.pdf,Delinquency,Experiment,Government,High income,Approximate,1
2,United States,North Carolina,Raleigh,Multiple Areas,The Rural Income-Maintenance Experiment,https://basicincome.org/news/2017/12/basic-income-guarantee-experiments-1970s-quick-summary-results/,Negative Income Tax,1970,1972,,809,729,Household,,,https://www.irp.wisc.edu/publications/sr/pdfs/sr10.pdf,Work Effort/Labor Supply Responses,Experiment,Government,High income,Approximate,1
2,United States,North Carolina,Raleigh,Multiple Areas,The Rural Income-Maintenance Experiment,https://basicincome.org/news/2017/12/basic-income-guarantee-experiments-1970s-quick-summary-results/,Negative Income Tax,1970,1972,,809,729,Household,,,https://www.irp.wisc.edu/publications/sr/pdfs/sr10.pdf,Family Stability/Marital Dissolution/Family Interaction and Attitudes,Experiment,Government,High income,Approximate,1
2,United States,North Carolina,Raleigh,Multiple Areas,The Rural Income-Maintenance Experiment,https://basicincome.org/news/2017/12/basic-income-guarantee-experiments-1970s-quick-summary-results/,Negative Income Tax,1970,1972,,809,729,Household,,,https://www.irp.wisc.edu/publications/sr/pdfs/sr10.pdf,Various forms of consumption,Experiment,Government,High income,Approximate,1
2,United States,North Carolina,Raleigh,Multiple Areas,The Rural Income-Maintenance Experiment,https://basicincome.org/news/2017/12/basic-income-guarantee-experiments-1970s-quick-summary-results/,Negative Income Tax,1970,1972,,809,729,Household,,,https://www.irp.wisc.edu/publications/sr/pdfs/sr10.pdf,School performance,Experiment,Government,High income,Approximate,1
2,United States,North Carolina,Raleigh,Multiple Areas,The Rural Income-Maintenance Experiment,https://basicincome.org/news/2017/12/basic-income-guarantee-experiments-1970s-quick-summary-results/,Negative Income Tax,1970,1972,,809,729,Household,,,https://www.irp.wisc.edu/publications/sr/pdfs/sr10.pdf,Farm profit,Experiment,Government,High income,Approximate,1
2,United States,North Carolina,Raleigh,Multiple Areas,The Rural Income-Maintenance Experiment,https://basicincome.org/news/2017/12/basic-income-guarantee-experiments-1970s-quick-summary-results/,Negative Income Tax,1970,1972,,809,729,Household,,,https://www.irp.wisc.edu/publications/sr/pdfs/sr10.pdf,Nutrition/Diet Quality,Experiment,Government,High income,Approximate,1
2,United States,North Carolina,Raleigh,Multiple Areas,The Rural Income-Maintenance Experiment,https://basicincome.org/news/2017/12/basic-income-guarantee-experiments-1970s-quick-summary-results/,Negative Income Tax,1970,1972,,809,729,Household,,,https://www.irp.wisc.edu/publications/sr/pdfs/sr10.pdf,Health Outcomes,Experiment,Government,High income,Approximate,1
2,United States,North Carolina,Raleigh,Multiple Areas,The Rural Income-Maintenance Experiment,https://basicincome.org/news/2017/12/basic-income-guarantee-experiments-1970s-quick-summary-results/,Negative Income Tax,1970,1972,,809,729,Household,,,https://www.irp.wisc.edu/publications/sr/pdfs/sr10.pdf,Geographic mobility,Experiment,Government,High income,Approximate,1
2,United States,North Carolina,Raleigh,Multiple Areas,The Rural Income-Maintenance Experiment,https://basicincome.org/news/2017/12/basic-income-guarantee-experiments-1970s-quick-summary-results/,Negative Income Tax,1970,1972,,809,729,Household,,,https://www.irp.wisc.edu/publications/sr/pdfs/sr10.pdf,Debt and asset holding,Experiment,Government,High income,Approximate,1
2,United States,North Carolina,Raleigh,Multiple Areas,The Rural Income-Maintenance Experiment,https://basicincome.org/news/2017/12/basic-income-guarantee-experiments-1970s-quick-summary-results/,Negative Income Tax,1970,1972,,809,729,Household,,,https://www.irp.wisc.edu/publications/sr/pdfs/sr10.pdf,Psychological well-being,Experiment,Government,High income,Approximate,1
2,United States,North Carolina,Raleigh,Multiple Areas,The Rural Income-Maintenance Experiment,https://basicincome.org/news/2017/12/basic-income-guarantee-experiments-1970s-quick-summary-results/,Negative Income Tax,1970,1972,,809,729,Household,,,https://www.irp.wisc.edu/publications/sr/pdfs/sr10.pdf,Delinquency,Experiment,Government,High income,Approximate,1
3,United States,Washington,Seattle,Seattle,The Seattle/Denver Income-Maintenance Experiments,https://basicincome.org/news/2017/12/basic-income-guarantee-experiments-1970s-quick-summary-results/,Negative Income Tax,1970,1976,,2042,,Household,,,https://aspe.hhs.gov/report/overview-final-report-seattle-denver-income-maintenance-experiment,Work Effort/Labor Supply Responses,Experiment,Government,High income,Approximate,1
3,United States,Washington,Seattle,Seattle,The Seattle/Denver Income-Maintenance Experiments,https://basicincome.org/news/2017/12/basic-income-guarantee-experiments-1970s-quick-summary-results/,Negative Income Tax,1970,1976,,2042,,Household,,,https://aspe.hhs.gov/report/overview-final-report-seattle-denver-income-maintenance-experiment,Family Stability/Marital Dissolution/Family Interaction and Attitudes,Experiment,Government,High income,Approximate,1
3,United States,Colorado,Denver,Denver,The Seattle/Denver Income-Maintenance Experiments,https://basicincome.org/news/2017/12/basic-income-guarantee-experiments-1970s-quick-summary-results/,Negative Income Tax,1972,1976,,2758,,Household,,,https://aspe.hhs.gov/report/overview-final-report-seattle-denver-income-maintenance-experiment,Work Effort/Labor Supply Responses,Experiment,Government,High income,Approximate,1
3,United States,Colorado,Denver,Denver,The Seattle/Denver Income-Maintenance Experiments,https://basicincome.org/news/2017/12/basic-income-guarantee-experiments-1970s-quick-summary-results/,Negative Income Tax,1972,1976,,2758,,Household,,,https://aspe.hhs.gov/report/overview-final-report-seattle-denver-income-maintenance-experiment,Family Stability/Marital Dissolution/Family Interaction and Attitudes,Experiment,Government,High income,Approximate,1
4,United States,Indiana,Gary,Gary,"The Gary, Indiana Experiment",https://basicincome.org/news/2017/12/basic-income-guarantee-experiments-1970s-quick-summary-results/,Negative Income Tax,1971,1974,,1799,,Household,774,1025,file:///Users/jessicachew/Downloads/Gary%20Experiment%20in%20Welfare%20Reform.pdf,Work Effort/Labor Supply Responses,Experiment,Government,High income,Approximate,1
4,United States,Indiana,Gary,Gary,"The Gary, Indiana Experiment",https://basicincome.org/news/2017/12/basic-income-guarantee-experiments-1970s-quick-summary-results/,Negative Income Tax,1971,1974,,1799,,Household,774,1025,file:///Users/jessicachew/Downloads/Gary%20Experiment%20in%20Welfare%20Reform.pdf,Various forms of consumption,Experiment,Government,High income,Approximate,1
4,United States,Indiana,Gary,Gary,"The Gary, Indiana Experiment",https://basicincome.org/news/2017/12/basic-income-guarantee-experiments-1970s-quick-summary-results/,Negative Income Tax,1971,1974,,1799,,Household,774,1025,file:///Users/jessicachew/Downloads/Gary%20Experiment%20in%20Welfare%20Reform.pdf,Demand for housing,Experiment,Government,High income,Approximate,1
4,United States,Indiana,Gary,Gary,"The Gary, Indiana Experiment",https://basicincome.org/news/2017/12/basic-income-guarantee-experiments-1970s-quick-summary-results/,Negative Income Tax,1971,1974,,1799,,Household,774,1025,file:///Users/jessicachew/Downloads/Gary%20Experiment%20in%20Welfare%20Reform.pdf,Demand for social services,Experiment,Government,High income,Approximate,1
4,United States,Indiana,Gary,Gary,"The Gary, Indiana Experiment",https://basicincome.org/news/2017/12/basic-income-guarantee-experiments-1970s-quick-summary-results/,Negative Income Tax,1971,1974,,1799,,Household,774,1025,file:///Users/jessicachew/Downloads/Gary%20Experiment%20in%20Welfare%20Reform.pdf,"Teenagers' chocies amongst school, work and leisure",Experiment,Government,High income,Approximate,1
5,Canada,Manitoba,Winnipeg,Winnipeg,The Manitoba Basic Annual Income Experiment,https://basicincome.org/news/2017/12/basic-income-guarantee-experiments-1970s-quick-summary-results/,Negative Income Tax,1974,1979,,1300,,Household,,,file:///Users/jessicachew/Downloads/Mincome%20Manitoba%20Technical%20Report%20MMTP-1.pdf,Work Effort/Labor Supply Responses,Experiment,Government,High income,Approximate,1
5,Canada,Manitoba,Winnipeg,Winnipeg,The Manitoba Basic Annual Income Experiment,https://basicincome.org/news/2017/12/basic-income-guarantee-experiments-1970s-quick-summary-results/,Negative Income Tax,1974,1979,,1300,,Household,,,file:///Users/jessicachew/Downloads/Mincome%20Manitoba%20Technical%20Report%20MMTP-1.pdf,Family Stability/Marital Dissolution/Family Interaction and Attitudes,Experiment,Government,High income,Approximate,1
5,Canada,Manitoba,Winnipeg,Winnipeg,The Manitoba Basic Annual Income Experiment,https://basicincome.org/news/2017/12/basic-income-guarantee-experiments-1970s-quick-summary-results/,Negative Income Tax,1974,1979,,1300,,Household,,,file:///Users/jessicachew/Downloads/Mincome%20Manitoba%20Technical%20Report%20MMTP-1.pdf,Various forms of consumption,Experiment,Government,High income,Approximate,1
5,Canada,Manitoba,Winnipeg,Winnipeg,The Manitoba Basic Annual Income Experiment,https://basicincome.org/news/2017/12/basic-income-guarantee-experiments-1970s-quick-summary-results/,Negative Income Tax,1974,1979,,1300,,Household,,,file:///Users/jessicachew/Downloads/Mincome%20Manitoba%20Technical%20Report%20MMTP-1.pdf,School performance,Experiment,Government,High income,Approximate,1
5,Canada,Manitoba,Winnipeg,Winnipeg,The Manitoba Basic Annual Income Experiment,https://basicincome.org/news/2017/12/basic-income-guarantee-experiments-1970s-quick-summary-results/,Negative Income Tax,1974,1979,,1300,,Household,,,file:///Users/jessicachew/Downloads/Mincome%20Manitoba%20Technical%20Report%20MMTP-1.pdf,Demand for housing,Experiment,Government,High income,Approximate,1
5,Canada,Manitoba,Dauphin,Dauphin,The Manitoba Basic Annual Income Experiment,https://basicincome.org/news/2017/12/basic-income-guarantee-experiments-1970s-quick-summary-results/,Negative Income Tax,1974,1979,,1300,,Household,,,file:///Users/jessicachew/Downloads/Mincome%20Manitoba%20Technical%20Report%20MMTP-1.pdf,Work Effort/Labor Supply Responses,Experiment,Government,High income,Approximate,1
5,Canada,Manitoba,Dauphin,Dauphin,The Manitoba Basic Annual Income Experiment,https://basicincome.org/news/2017/12/basic-income-guarantee-experiments-1970s-quick-summary-results/,Negative Income Tax,1974,1979,,1300,,Household,,,file:///Users/jessicachew/Downloads/Mincome%20Manitoba%20Technical%20Report%20MMTP-1.pdf,Family Stability/Marital Dissolution/Family Interaction and Attitudes,Experiment,Government,High income,Approximate,1
5,Canada,Manitoba,Dauphin,Dauphin,The Manitoba Basic Annual Income Experiment,https://basicincome.org/news/2017/12/basic-income-guarantee-experiments-1970s-quick-summary-results/,Negative Income Tax,1974,1979,,1300,,Household,,,file:///Users/jessicachew/Downloads/Mincome%20Manitoba%20Technical%20Report%20MMTP-1.pdf,Various forms of consumption,Experiment,Government,High income,Approximate,1
5,Canada,Manitoba,Dauphin,Dauphin,The Manitoba Basic Annual Income Experiment,https://basicincome.org/news/2017/12/basic-income-guarantee-experiments-1970s-quick-summary-results/,Negative Income Tax,1974,1979,,1300,,Household,,,file:///Users/jessicachew/Downloads/Mincome%20Manitoba%20Technical%20Report%20MMTP-1.pdf,School performance,Experiment,Government,High income,Approximate,1
5,Canada,Manitoba,Dauphin,Dauphin,The Manitoba Basic Annual Income Experiment,https://basicincome.org/news/2017/12/basic-income-guarantee-experiments-1970s-quick-summary-results/,Negative Income Tax,1974,1979,,1300,,Household,,,file:///Users/jessicachew/Downloads/Mincome%20Manitoba%20Technical%20Report%20MMTP-1.pdf,Demand for housing,Experiment,Government,High income,Approximate,1
9,Canada,Ontario,Hamilton,Hamilton,Ontario Basic Income Pilot,https://www.ontario.ca/page/ontario-basic-income-pilot,Negative Income Tax,2018,2018,,4000,,Household,1999,2001,https://www.huffingtonpost.ca/2018/07/30/what-is-ontario-s-basic-income-pilot-project_a_23492670/,Work Effort/Labor Supply Responses,Experiment,Government,High income,Approximate,1
9,Canada,Ontario,Hamilton,Hamilton,Ontario Basic Income Pilot,https://www.ontario.ca/page/ontario-basic-income-pilot,Negative Income Tax,2018,2018,,4000,,Household,1999,2001,https://www.huffingtonpost.ca/2018/07/30/what-is-ontario-s-basic-income-pilot-project_a_23492670/,School performance,Experiment,Government,High income,Approximate,1
9,Canada,Ontario,Hamilton,Hamilton,Ontario Basic Income Pilot,https://www.ontario.ca/page/ontario-basic-income-pilot,Negative Income Tax,2018,2018,,4000,,Household,1999,2001,https://www.huffingtonpost.ca/2018/07/30/what-is-ontario-s-basic-income-pilot-project_a_23492670/,Health Outcomes,Experiment,Government,High income,Approximate,1
9,Canada,Ontario,Hamilton,Hamilton,Ontario Basic Income Pilot,https://www.ontario.ca/page/ontario-basic-income-pilot,Negative Income Tax,2018,2018,,4000,,Household,1999,2001,https://www.huffingtonpost.ca/2018/07/30/what-is-ontario-s-basic-income-pilot-project_a_23492670/,Psychological well-being,Experiment,Government,High income,Approximate,1
9,Canada,Ontario,Hamilton,Hamilton,Ontario Basic Income Pilot,https://www.ontario.ca/page/ontario-basic-income-pilot,Negative Income Tax,2018,2018,,4000,,Household,1999,2001,https://www.huffingtonpost.ca/2018/07/30/what-is-ontario-s-basic-income-pilot-project_a_23492670/,Food Security/Consumption,Experiment,Government,High income,Approximate,1
9,Canada,Ontario,Hamilton,Hamilton,Ontario Basic Income Pilot,https://www.ontario.ca/page/ontario-basic-income-pilot,Negative Income Tax,2018,2018,,4000,,Household,1999,2001,https://www.huffingtonpost.ca/2018/07/30/what-is-ontario-s-basic-income-pilot-project_a_23492670/,Housing Stability/Living Conditions,Experiment,Government,High income,Approximate,1
9,Canada,Ontario,Thunder Bay,Thunder Bay,Ontario Basic Income Pilot,https://www.ontario.ca/page/ontario-basic-income-pilot,Negative Income Tax,2018,2018,,4000,,Household,1999,2001,https://www.huffingtonpost.ca/2018/07/30/what-is-ontario-s-basic-income-pilot-project_a_23492670/,Work Effort/Labor Supply Responses,Experiment,Government,High income,Approximate,1
9,Canada,Ontario,Thunder Bay,Thunder Bay,Ontario Basic Income Pilot,https://www.ontario.ca/page/ontario-basic-income-pilot,Negative Income Tax,2018,2018,,4000,,Household,1999,2001,https://www.huffingtonpost.ca/2018/07/30/what-is-ontario-s-basic-income-pilot-project_a_23492670/,School performance,Experiment,Government,High income,Approximate,1
9,Canada,Ontario,Thunder Bay,Thunder Bay,Ontario Basic Income Pilot,https://www.ontario.ca/page/ontario-basic-income-pilot,Negative Income Tax,2018,2018,,4000,,Household,1999,2001,https://www.huffingtonpost.ca/2018/07/30/what-is-ontario-s-basic-income-pilot-project_a_23492670/,Health Outcomes,Experiment,Government,High income,Approximate,1
9,Canada,Ontario,Thunder Bay,Thunder Bay,Ontario Basic Income Pilot,https://www.ontario.ca/page/ontario-basic-income-pilot,Negative Income Tax,2018,2018,,4000,,Household,1999,2001,https://www.huffingtonpost.ca/2018/07/30/what-is-ontario-s-basic-income-pilot-project_a_23492670/,Psychological well-being,Experiment,Government,High income,Approximate,1
9,Canada,Ontario,Thunder Bay,Thunder Bay,Ontario Basic Income Pilot,https://www.ontario.ca/page/ontario-basic-income-pilot,Negative Income Tax,2018,2018,,4000,,Household,1999,2001,https://www.huffingtonpost.ca/2018/07/30/what-is-ontario-s-basic-income-pilot-project_a_23492670/,Food Security/Consumption,Experiment,Government,High income,Approximate,1
9,Canada,Ontario,Thunder Bay,Thunder Bay,Ontario Basic Income Pilot,https://www.ontario.ca/page/ontario-basic-income-pilot,Negative Income Tax,2018,2018,,4000,,Household,1999,2001,https://www.huffingtonpost.ca/2018/07/30/what-is-ontario-s-basic-income-pilot-project_a_23492670/,Housing Stability/Living Conditions,Experiment,Government,High income,Approximate,1
9,Canada,Ontario,Lindsay,Lindsay,Ontario Basic Income Pilot,https://www.ontario.ca/page/ontario-basic-income-pilot,Negative Income Tax,2018,2018,,4000,,Household,1999,2001,https://www.huffingtonpost.ca/2018/07/30/what-is-ontario-s-basic-income-pilot-project_a_23492670/,Work Effort/Labor Supply Responses,Experiment,Government,High income,Approximate,1
9,Canada,Ontario,Lindsay,Lindsay,Ontario Basic Income Pilot,https://www.ontario.ca/page/ontario-basic-income-pilot,Negative Income Tax,2018,2018,,4000,,Household,1999,2001,https://www.huffingtonpost.ca/2018/07/30/what-is-ontario-s-basic-income-pilot-project_a_23492670/,School performance,Experiment,Government,High income,Approximate,1
9,Canada,Ontario,Lindsay,Lindsay,Ontario Basic Income Pilot,https://www.ontario.ca/page/ontario-basic-income-pilot,Negative Income Tax,2018,2018,,4000,,Household,1999,2001,https://www.huffingtonpost.ca/2018/07/30/what-is-ontario-s-basic-income-pilot-project_a_23492670/,Health Outcomes,Experiment,Government,High income,Approximate,1
9,Canada,Ontario,Lindsay,Lindsay,Ontario Basic Income Pilot,https://www.ontario.ca/page/ontario-basic-income-pilot,Negative Income Tax,2018,2018,,4000,,Household,1999,2001,https://www.huffingtonpost.ca/2018/07/30/what-is-ontario-s-basic-income-pilot-project_a_23492670/,Psychological well-being,Experiment,Government,High income,Approximate,1
9,Canada,Ontario,Lindsay,Lindsay,Ontario Basic Income Pilot,https://www.ontario.ca/page/ontario-basic-income-pilot,Negative Income Tax,2018,2018,,4000,,Household,1999,2001,https://www.huffingtonpost.ca/2018/07/30/what-is-ontario-s-basic-income-pilot-project_a_23492670/,Food Security/Consumption,Experiment,Government,High income,Approximate,1
9,Canada,Ontario,Lindsay,Lindsay,Ontario Basic Income Pilot,https://www.ontario.ca/page/ontario-basic-income-pilot,Negative Income Tax,2018,2018,,4000,,Household,1999,2001,https://www.huffingtonpost.ca/2018/07/30/what-is-ontario-s-basic-income-pilot-project_a_23492670/,Housing Stability/Living Conditions,Experiment,Government,High income,Approximate,1
14,Brazil,Distrito Federal,Bras値ia,Nationwide,Bolsa Familia,https://www.gov.br/cidadania/pt-br/noticias-e-conteudos/desenvolvimento-social/noticias-desenvolvimento-social/divulgado-o-calendario-de-pagamentos-do-auxilio-brasil-em-2023,Conditional Cash Transfer,2003,,$120,,,Household,,,https://valorinveste.globo.com/mercados/brasil-e-politica/programas-sociais/noticia/2023/05/12/calendario-do-bolsa-familia-maio-2023ghtml.ghtml,Work Effort/Labor Supply Responses,Experiment,Government,Middle income,Approximate,0
14,Brazil,Distrito Federal,Bras値ia,Nationwide,Bolsa Familia,https://www.gov.br/cidadania/pt-br/noticias-e-conteudos/desenvolvimento-social/noticias-desenvolvimento-social/divulgado-o-calendario-de-pagamentos-do-auxilio-brasil-em-2023,Conditional Cash Transfer,2003,,$120,,,Household,,,https://valorinveste.globo.com/mercados/brasil-e-politica/programas-sociais/noticia/2023/05/12/calendario-do-bolsa-familia-maio-2023ghtml.ghtml,School performance,Experiment,Government,Middle income,Approximate,0
14,Brazil,Distrito Federal,Bras値ia,Nationwide,Bolsa Familia,https://www.gov.br/cidadania/pt-br/noticias-e-conteudos/desenvolvimento-social/noticias-desenvolvimento-social/divulgado-o-calendario-de-pagamentos-do-auxilio-brasil-em-2023,Conditional Cash Transfer,2003,,$120,,,Household,,,https://valorinveste.globo.com/mercados/brasil-e-politica/programas-sociais/noticia/2023/05/12/calendario-do-bolsa-familia-maio-2023ghtml.ghtml,Nutrition/Diet Quality,Experiment,Government,Middle income,Approximate,0
14,Brazil,Distrito Federal,Bras値ia,Nationwide,Bolsa Familia,https://www.gov.br/cidadania/pt-br/noticias-e-conteudos/desenvolvimento-social/noticias-desenvolvimento-social/divulgado-o-calendario-de-pagamentos-do-auxilio-brasil-em-2023,Conditional Cash Transfer,2003,,$120,,,Household,,,https://valorinveste.globo.com/mercados/brasil-e-politica/programas-sociais/noticia/2023/05/12/calendario-do-bolsa-familia-maio-2023ghtml.ghtml,Health Outcomes,Experiment,Government,Middle income,Approximate,0
14,Brazil,Distrito Federal,Bras値ia,Nationwide,Bolsa Familia,https://www.gov.br/cidadania/pt-br/noticias-e-conteudos/desenvolvimento-social/noticias-desenvolvimento-social/divulgado-o-calendario-de-pagamentos-do-auxilio-brasil-em-2023,Conditional Cash Transfer,2003,,$120,,,Household,,,https://valorinveste.globo.com/mercados/brasil-e-politica/programas-sociais/noticia/2023/05/12/calendario-do-bolsa-familia-maio-2023ghtml.ghtml,Effect on Children,Experiment,Government,Middle income,Approximate,0
14,Brazil,Distrito Federal,Bras値ia,Nationwide,Bolsa Familia,https://www.gov.br/cidadania/pt-br/noticias-e-conteudos/desenvolvimento-social/noticias-desenvolvimento-social/divulgado-o-calendario-de-pagamentos-do-auxilio-brasil-em-2023,Conditional Cash Transfer,2003,,$120,,,Household,,,https://valorinveste.globo.com/mercados/brasil-e-politica/programas-sociais/noticia/2023/05/12/calendario-do-bolsa-familia-maio-2023ghtml.ghtml,Food Security/Consumption,Experiment,Government,Middle income,Approximate,0
14,Brazil,Distrito Federal,Bras値ia,Nationwide,Bolsa Familia,https://www.gov.br/cidadania/pt-br/noticias-e-conteudos/desenvolvimento-social/noticias-desenvolvimento-social/divulgado-o-calendario-de-pagamentos-do-auxilio-brasil-em-2023,Conditional Cash Transfer,2003,,$120,,,Household,,,https://valorinveste.globo.com/mercados/brasil-e-politica/programas-sociais/noticia/2023/05/12/calendario-do-bolsa-familia-maio-2023ghtml.ghtml,Education Participation,Experiment,Government,Middle income,Approximate,0
14,Brazil,Distrito Federal,Bras値ia,Nationwide,Bolsa Familia,https://www.gov.br/cidadania/pt-br/noticias-e-conteudos/desenvolvimento-social/noticias-desenvolvimento-social/divulgado-o-calendario-de-pagamentos-do-auxilio-brasil-em-2023,Conditional Cash Transfer,2003,,$120,,,Household,,,https://valorinveste.globo.com/mercados/brasil-e-politica/programas-sociais/noticia/2023/05/12/calendario-do-bolsa-familia-maio-2023ghtml.ghtml,Income Inequality,Experiment,Government,Middle income,Approximate,0
14,Brazil,Distrito Federal,Bras値ia,Nationwide,Bolsa Familia,https://www.gov.br/cidadania/pt-br/noticias-e-conteudos/desenvolvimento-social/noticias-desenvolvimento-social/divulgado-o-calendario-de-pagamentos-do-auxilio-brasil-em-2023,Conditional Cash Transfer,2003,,$120,,,Household,,,https://valorinveste.globo.com/mercados/brasil-e-politica/programas-sociais/noticia/2023/05/12/calendario-do-bolsa-familia-maio-2023ghtml.ghtml,Extreme Poverty,Experiment,Government,Middle income,Approximate,0
14,Brazil,Distrito Federal,Bras値ia,Nationwide,Bolsa Familia,https://www.gov.br/cidadania/pt-br/noticias-e-conteudos/desenvolvimento-social/noticias-desenvolvimento-social/divulgado-o-calendario-de-pagamentos-do-auxilio-brasil-em-2023,Conditional Cash Transfer,2003,,$120,,,Household,,,https://valorinveste.globo.com/mercados/brasil-e-politica/programas-sociais/noticia/2023/05/12/calendario-do-bolsa-familia-maio-2023ghtml.ghtml,Child Labour Exploitation,Experiment,Government,Middle income,Approximate,0
14,Brazil,Distrito Federal,Bras値ia,Nationwide,Bolsa Familia,https://www.gov.br/cidadania/pt-br/noticias-e-conteudos/desenvolvimento-social/noticias-desenvolvimento-social/divulgado-o-calendario-de-pagamentos-do-auxilio-brasil-em-2023,Conditional Cash Transfer,2003,,$120,,,Household,,,https://valorinveste.globo.com/mercados/brasil-e-politica/programas-sociais/noticia/2023/05/12/calendario-do-bolsa-familia-maio-2023ghtml.ghtml,Children's Growth,Experiment,Government,Middle income,Approximate,0
6,Finland,Uusimaa,Helsinki,Multiple Areas,Finland Basic Income Experiment,https://www.kela.fi/web/en/experimental-study-on-a-universal-basic-income,Unconditional Cash Transfer,2017,2018,$633,2000,,Individual,,2000,https://www.kela.fi/web/en/experimental-study-on-a-universal-basic-income,Work Effort/Labor Supply Responses,Experiment,Government,High income,As stated,1
6,Finland,Uusimaa,Helsinki,Multiple Areas,Finland Basic Income Experiment,https://www.kela.fi/web/en/experimental-study-on-a-universal-basic-income,Unconditional Cash Transfer,2017,2018,$633,2000,,Individual,,2000,https://www.kela.fi/web/en/experimental-study-on-a-universal-basic-income,Health Outcomes,Experiment,Government,High income,As stated,1
6,Finland,Uusimaa,Helsinki,Multiple Areas,Finland Basic Income Experiment,https://www.kela.fi/web/en/experimental-study-on-a-universal-basic-income,Unconditional Cash Transfer,2017,2018,$633,2000,,Individual,,2000,https://www.kela.fi/web/en/experimental-study-on-a-universal-basic-income,Psychological well-being,Experiment,Government,High income,As stated,1
7,United States,California,Stockton,Multiple Areas,Stockton Economic Empowerment Demonstration,https://static1.squarespace.com/static/59d55793268b96ccff4ff70e/t/5b84616621c67c762e9c9207/1535402361956/2018-08-20+SEED_+Discussion+Paper.pdf,Unconditional Cash Transfer,2019,2020,$500,100,,Household,,100,https://static1.squarespace.com/static/59d55793268b96ccff4ff70e/t/5b84616621c67c762e9c9207/1535402361956/2018-08-20+SEED_+Discussion+Paper.pdf,Work Effort/Labor Supply Responses,Experiment,Private/Donations,High income,As stated,1
7,United States,California,Stockton,Multiple Areas,Stockton Economic Empowerment Demonstration,https://static1.squarespace.com/static/59d55793268b96ccff4ff70e/t/5b84616621c67c762e9c9207/1535402361956/2018-08-20+SEED_+Discussion+Paper.pdf,Unconditional Cash Transfer,2019,2020,$500,100,,Household,,100,https://static1.squarespace.com/static/59d55793268b96ccff4ff70e/t/5b84616621c67c762e9c9207/1535402361956/2018-08-20+SEED_+Discussion+Paper.pdf,Financial insecurity/vulnerability/health,Experiment,Private/Donations,High income,As stated,1
8,United States,California,Oakland,Multiple Areas,Y Combinator Oakland 2016,https://basicincome.ycr.org/our-plan,Unconditional Cash Transfer,2019,2024,"$1,000",3000,,Individual,2000,1000,https://www.businessinsider.com/basic-income-experiment-started-by-y-combinator-delayed-until-2019-2018-8,Work Effort/Labor Supply Responses,Experiment,Private/Donations,High income,As stated,1
8,United States,California,Oakland,Multiple Areas,Y Combinator Oakland 2016,https://basicincome.ycr.org/our-plan,Unconditional Cash Transfer,2019,2024,"$1,000",3000,,Individual,2000,1000,https://www.businessinsider.com/basic-income-experiment-started-by-y-combinator-delayed-until-2019-2018-8,Health Outcomes,Experiment,Private/Donations,High income,As stated,1
8,United States,California,Oakland,Multiple Areas,Y Combinator Oakland 2016,https://basicincome.ycr.org/our-plan,Unconditional Cash Transfer,2019,2024,"$1,000",3000,,Individual,2000,1000,https://www.businessinsider.com/basic-income-experiment-started-by-y-combinator-delayed-until-2019-2018-8,Psychological well-being,Experiment,Private/Donations,High income,As stated,1
8,United States,California,Oakland,Multiple Areas,Y Combinator Oakland 2016,https://basicincome.ycr.org/our-plan,Unconditional Cash Transfer,2019,2024,"$1,000",3000,,Individual,2000,1000,https://www.businessinsider.com/basic-income-experiment-started-by-y-combinator-delayed-until-2019-2018-8,Financial insecurity/vulnerability/health,Experiment,Private/Donations,High income,As stated,1
8,United States,California,Oakland,Multiple Areas,Y Combinator Oakland 2016,https://basicincome.ycr.org/our-plan,Unconditional Cash Transfer,2019,2024,"$1,000",3000,,Individual,2000,1000,https://www.businessinsider.com/basic-income-experiment-started-by-y-combinator-delayed-until-2019-2018-8,Subjective well-being,Experiment,Private/Donations,High income,As stated,1
8,United States,California,Oakland,Multiple Areas,Y Combinator Oakland 2016,https://basicincome.ycr.org/our-plan,Unconditional Cash Transfer,2019,2024,"$1,000",3000,,Individual,2000,1000,https://www.businessinsider.com/basic-income-experiment-started-by-y-combinator-delayed-until-2019-2018-8,Time use,Experiment,Private/Donations,High income,As stated,1
8,United States,California,Oakland,Multiple Areas,Y Combinator Oakland 2016,https://basicincome.ycr.org/our-plan,Unconditional Cash Transfer,2019,2024,"$1,000",3000,,Individual,2000,1000,https://www.businessinsider.com/basic-income-experiment-started-by-y-combinator-delayed-until-2019-2018-8,Decision making,Experiment,Private/Donations,High income,As stated,1
8,United States,California,Oakland,Multiple Areas,Y Combinator Oakland 2016,https://basicincome.ycr.org/our-plan,Unconditional Cash Transfer,2019,2024,"$1,000",3000,,Individual,2000,1000,https://www.businessinsider.com/basic-income-experiment-started-by-y-combinator-delayed-until-2019-2018-8,Politics and Social Behaviour/Community Involvement/Mobilisation/Empowerment,Experiment,Private/Donations,High income,As stated,1
8,United States,California,Oakland,Multiple Areas,Y Combinator Oakland 2016,https://basicincome.ycr.org/our-plan,Unconditional Cash Transfer,2019,2024,"$1,000",3000,,Individual,2000,1000,https://www.businessinsider.com/basic-income-experiment-started-by-y-combinator-delayed-until-2019-2018-8,Crime,Experiment,Private/Donations,High income,As stated,1
8,United States,California,Oakland,Multiple Areas,Y Combinator Oakland 2016,https://basicincome.ycr.org/our-plan,Unconditional Cash Transfer,2019,2024,"$1,000",3000,,Individual,2000,1000,https://www.businessinsider.com/basic-income-experiment-started-by-y-combinator-delayed-until-2019-2018-8,Effect on Children,Experiment,Private/Donations,High income,As stated,1
10,Namibia,Omaheke,Otjivero-Omnitara,Otjivero-Omnitara,Basic Income Grant Pilot,http://www.bignam.org/BIG_pilot.html,Unconditional Cash Transfer,2008,2015,$70,,,Individual,,1000,,School performance,Experiment,Private/Donations,Middle income,Approximate,1
10,Namibia,Omaheke,Otjivero-Omnitara,Otjivero-Omnitara,Basic Income Grant Pilot,http://www.bignam.org/BIG_pilot.html,Unconditional Cash Transfer,2008,2015,$70,,,Individual,,1000,,Health Outcomes,Experiment,Private/Donations,Middle income,Approximate,1
10,Namibia,Omaheke,Otjivero-Omnitara,Otjivero-Omnitara,Basic Income Grant Pilot,http://www.bignam.org/BIG_pilot.html,Unconditional Cash Transfer,2008,2015,$70,,,Individual,,1000,,Debt and asset holding,Experiment,Private/Donations,Middle income,Approximate,1
10,Namibia,Omaheke,Otjivero-Omnitara,Otjivero-Omnitara,Basic Income Grant Pilot,http://www.bignam.org/BIG_pilot.html,Unconditional Cash Transfer,2008,2015,$70,,,Individual,,1000,,Politics and Social Behaviour/Community Involvement/Mobilisation/Empowerment,Experiment,Private/Donations,Middle income,Approximate,1
10,Namibia,Omaheke,Otjivero-Omnitara,Otjivero-Omnitara,Basic Income Grant Pilot,http://www.bignam.org/BIG_pilot.html,Unconditional Cash Transfer,2008,2015,$70,,,Individual,,1000,,Crime,Experiment,Private/Donations,Middle income,Approximate,1
10,Namibia,Omaheke,Otjivero-Omnitara,Otjivero-Omnitara,Basic Income Grant Pilot,http://www.bignam.org/BIG_pilot.html,Unconditional Cash Transfer,2008,2015,$70,,,Individual,,1000,,Entrepreneurial Activity,Experiment,Private/Donations,Middle income,Approximate,1
10,Namibia,Omaheke,Otjivero-Omnitara,Otjivero-Omnitara,Basic Income Grant Pilot,http://www.bignam.org/BIG_pilot.html,Unconditional Cash Transfer,2008,2015,$70,,,Individual,,1000,,Demand for Healthcare,Experiment,Private/Donations,Middle income,Approximate,1
10,Namibia,Omaheke,Otjivero-Omnitara,Otjivero-Omnitara,Basic Income Grant Pilot,http://www.bignam.org/BIG_pilot.html,Unconditional Cash Transfer,2008,2015,$70,,,Individual,,1000,,Prostitution,Experiment,Private/Donations,Middle income,Approximate,1
10,Namibia,Omaheke,Otjivero-Omnitara,Otjivero-Omnitara,Basic Income Grant Pilot,http://www.bignam.org/BIG_pilot.html,Unconditional Cash Transfer,2008,2015,$70,,,Individual,,1000,,Alcohol Consumption,Experiment,Private/Donations,Middle income,Approximate,1
11,Uganda,Kabarole,Fort Portal,Fort Portal,EIGHT: Uganda Basic Income Pilot Project,https://basicincome.org/news/2016/11/uganda-two-year-basic-income-pilot-set-to-launch-in-2017/,Unconditional Cash Transfer,2017,2019,$18,,,Household,,50,http://www.eight.world/,Politics and Social Behaviour/Community Involvement/Mobilisation/Empowerment,Experiment,Private/Donations,Middle income,Approximate,1
11,Uganda,Kabarole,Fort Portal,Fort Portal,EIGHT: Uganda Basic Income Pilot Project,https://basicincome.org/news/2016/11/uganda-two-year-basic-income-pilot-set-to-launch-in-2017/,Unconditional Cash Transfer,2017,2019,$18,,,Household,,50,http://www.eight.world/,Entrepreneurial Activity,Experiment,Private/Donations,Middle income,Approximate,1
11,Uganda,Kabarole,Fort Portal,Fort Portal,EIGHT: Uganda Basic Income Pilot Project,https://basicincome.org/news/2016/11/uganda-two-year-basic-income-pilot-set-to-launch-in-2017/,Unconditional Cash Transfer,2017,2019,$18,,,Household,,50,http://www.eight.world/,Education Participation,Experiment,Private/Donations,Middle income,Approximate,1
11,Uganda,Kabarole,Fort Portal,Fort Portal,EIGHT: Uganda Basic Income Pilot Project,https://basicincome.org/news/2016/11/uganda-two-year-basic-income-pilot-set-to-launch-in-2017/,Unconditional Cash Transfer,2017,2019,$18,,,Household,,50,http://www.eight.world/,Access to Health Care,Experiment,Private/Donations,Middle income,Approximate,1
12,Kenya,Nairobi County,Nairobi,Multiple Areas,Give Directly Kenya,https://www.givedirectly.org/basic-income,Unconditional Cash Transfer,2017,2029,$23,220,,Village,100,120,https://basicincome.org/news/2017/11/uskenya-givedirectly-officially-launches-ubi-experiment/,Work Effort/Labor Supply Responses,Experiment,Private/Donations,Low income,Approximate,1
12,Kenya,Nairobi County,Nairobi,Multiple Areas,Give Directly Kenya,https://www.givedirectly.org/basic-income,Unconditional Cash Transfer,2017,2029,$23,220,,Village,100,120,https://basicincome.org/news/2017/11/uskenya-givedirectly-officially-launches-ubi-experiment/,Debt and asset holding,Experiment,Private/Donations,Low income,Approximate,1
12,Kenya,Nairobi County,Nairobi,Multiple Areas,Give Directly Kenya,https://www.givedirectly.org/basic-income,Unconditional Cash Transfer,2017,2029,$23,220,,Village,100,120,https://basicincome.org/news/2017/11/uskenya-givedirectly-officially-launches-ubi-experiment/,Time use,Experiment,Private/Donations,Low income,Approximate,1
12,Kenya,Nairobi County,Nairobi,Multiple Areas,Give Directly Kenya,https://www.givedirectly.org/basic-income,Unconditional Cash Transfer,2017,2029,$23,220,,Village,100,120,https://basicincome.org/news/2017/11/uskenya-givedirectly-officially-launches-ubi-experiment/,Politics and Social Behaviour/Community Involvement/Mobilisation/Empowerment,Experiment,Private/Donations,Low income,Approximate,1
12,Kenya,Nairobi County,Nairobi,Multiple Areas,Give Directly Kenya,https://www.givedirectly.org/basic-income,Unconditional Cash Transfer,2017,2029,$23,220,,Village,100,120,https://basicincome.org/news/2017/11/uskenya-givedirectly-officially-launches-ubi-experiment/,Education Participation,Experiment,Private/Donations,Low income,Approximate,1
12,Kenya,Nairobi County,Nairobi,Multiple Areas,Give Directly Kenya,https://www.givedirectly.org/basic-income,Unconditional Cash Transfer,2017,2029,$23,220,,Village,100,120,https://basicincome.org/news/2017/11/uskenya-givedirectly-officially-launches-ubi-experiment/,Income,Experiment,Private/Donations,Low income,Approximate,1
12,Kenya,Nairobi County,Nairobi,Multiple Areas,Give Directly Kenya,https://www.givedirectly.org/basic-income,Unconditional Cash Transfer,2017,2029,$23,220,,Village,100,120,https://basicincome.org/news/2017/11/uskenya-givedirectly-officially-launches-ubi-experiment/,Standard of Living,Experiment,Private/Donations,Low income,Approximate,1
12,Kenya,Nairobi County,Nairobi,Multiple Areas,Give Directly Kenya,https://www.givedirectly.org/basic-income,Unconditional Cash Transfer,2017,2029,$23,220,,Village,100,120,https://basicincome.org/news/2017/11/uskenya-givedirectly-officially-launches-ubi-experiment/,Extreme Poverty,Experiment,Private/Donations,Low income,Approximate,1
13,India,Madhya Pradesh,Bhopal,Multiple Areas,Madhya Pradesh Unconditional Cash Transfer Initiative,http://sewabharat.org/wp-content/uploads/2015/07/Report-on-Unconditional-Cash-Transfer-Pilot-Project-in-Madhya-Pradesh.pdf,Unconditional Cash Transfer,2011,2012,$4,,,Village,12,8,http://unicef.in/Uploads/Publications/Resources/pub_doc83.pdf,School performance,Experiment,Private/Donations,Middle income,As stated,1
13,India,Madhya Pradesh,Bhopal,Multiple Areas,Madhya Pradesh Unconditional Cash Transfer Initiative,http://sewabharat.org/wp-content/uploads/2015/07/Report-on-Unconditional-Cash-Transfer-Pilot-Project-in-Madhya-Pradesh.pdf,Unconditional Cash Transfer,2011,2012,$4,,,Village,12,8,http://unicef.in/Uploads/Publications/Resources/pub_doc83.pdf,Nutrition/Diet Quality,Experiment,Private/Donations,Middle income,As stated,1
13,India,Madhya Pradesh,Bhopal,Multiple Areas,Madhya Pradesh Unconditional Cash Transfer Initiative,http://sewabharat.org/wp-content/uploads/2015/07/Report-on-Unconditional-Cash-Transfer-Pilot-Project-in-Madhya-Pradesh.pdf,Unconditional Cash Transfer,2011,2012,$4,,,Village,12,8,http://unicef.in/Uploads/Publications/Resources/pub_doc83.pdf,Debt and asset holding,Experiment,Private/Donations,Middle income,As stated,1
13,India,Madhya Pradesh,Bhopal,Multiple Areas,Madhya Pradesh Unconditional Cash Transfer Initiative,http://sewabharat.org/wp-content/uploads/2015/07/Report-on-Unconditional-Cash-Transfer-Pilot-Project-in-Madhya-Pradesh.pdf,Unconditional Cash Transfer,2011,2012,$4,,,Village,12,8,http://unicef.in/Uploads/Publications/Resources/pub_doc83.pdf,Entrepreneurial Activity,Experiment,Private/Donations,Middle income,As stated,1
13,India,Madhya Pradesh,Bhopal,Multiple Areas,Madhya Pradesh Unconditional Cash Transfer Initiative,http://sewabharat.org/wp-content/uploads/2015/07/Report-on-Unconditional-Cash-Transfer-Pilot-Project-in-Madhya-Pradesh.pdf,Unconditional Cash Transfer,2011,2012,$4,,,Village,12,8,http://unicef.in/Uploads/Publications/Resources/pub_doc83.pdf,Demand for Healthcare,Experiment,Private/Donations,Middle income,As stated,1
13,India,Madhya Pradesh,Bhopal,Multiple Areas,Madhya Pradesh Unconditional Cash Transfer Initiative,http://sewabharat.org/wp-content/uploads/2015/07/Report-on-Unconditional-Cash-Transfer-Pilot-Project-in-Madhya-Pradesh.pdf,Unconditional Cash Transfer,2011,2012,$4,,,Village,12,8,http://unicef.in/Uploads/Publications/Resources/pub_doc83.pdf,Education Participation,Experiment,Private/Donations,Middle income,As stated,1
13,India,Madhya Pradesh,Bhopal,Multiple Areas,Madhya Pradesh Unconditional Cash Transfer Initiative,http://sewabharat.org/wp-content/uploads/2015/07/Report-on-Unconditional-Cash-Transfer-Pilot-Project-in-Madhya-Pradesh.pdf,Unconditional Cash Transfer,2011,2012,$4,,,Village,12,8,http://unicef.in/Uploads/Publications/Resources/pub_doc83.pdf,Amount of Savings,Experiment,Private/Donations,Middle income,As stated,1
15,Brazil,Sao Paulo,Quatinga Velho,Quatinga Velho,Quatinga Velho,https://brazilian.report/money/2018/11/13/brazil-basic-income-quatinga-velho/,Unconditional Cash Transfer,2008,2014,$15,,,Individual,,14,https://basicincomeweek.org/ubi/basic-income-pilot-quatinga-velho-brazil/,Nutrition/Diet Quality,Experiment,Private/Donations,Middle income,Approximate,1
15,Brazil,Sao Paulo,Quatinga Velho,Quatinga Velho,Quatinga Velho,https://brazilian.report/money/2018/11/13/brazil-basic-income-quatinga-velho/,Unconditional Cash Transfer,2008,2014,$15,,,Individual,,14,https://basicincomeweek.org/ubi/basic-income-pilot-quatinga-velho-brazil/,Health Outcomes,Experiment,Private/Donations,Middle income,Approximate,1
15,Brazil,Sao Paulo,Quatinga Velho,Quatinga Velho,Quatinga Velho,https://brazilian.report/money/2018/11/13/brazil-basic-income-quatinga-velho/,Unconditional Cash Transfer,2008,2014,$15,,,Individual,,14,https://basicincomeweek.org/ubi/basic-income-pilot-quatinga-velho-brazil/,Demand for housing,Experiment,Private/Donations,Middle income,Approximate,1
15,Brazil,Sao Paulo,Quatinga Velho,Quatinga Velho,Quatinga Velho,https://brazilian.report/money/2018/11/13/brazil-basic-income-quatinga-velho/,Unconditional Cash Transfer,2008,2014,$15,,,Individual,,14,https://basicincomeweek.org/ubi/basic-income-pilot-quatinga-velho-brazil/,Politics and Social Behaviour/Community Involvement/Mobilisation/Empowerment,Experiment,Private/Donations,Middle income,Approximate,1
15,Brazil,Sao Paulo,Quatinga Velho,Quatinga Velho,Quatinga Velho,https://brazilian.report/money/2018/11/13/brazil-basic-income-quatinga-velho/,Unconditional Cash Transfer,2008,2014,$15,,,Individual,,14,https://basicincomeweek.org/ubi/basic-income-pilot-quatinga-velho-brazil/,Housing Stability/Living Conditions,Experiment,Private/Donations,Middle income,Approximate,1
15,Brazil,Sao Paulo,Quatinga Velho,Quatinga Velho,Quatinga Velho,https://brazilian.report/money/2018/11/13/brazil-basic-income-quatinga-velho/,Unconditional Cash Transfer,2008,2014,$15,,,Individual,,14,https://basicincomeweek.org/ubi/basic-income-pilot-quatinga-velho-brazil/,Clothing Purchases,Experiment,Private/Donations,Middle income,Approximate,1
15,Brazil,Sao Paulo,Quatinga Velho,Quatinga Velho,Quatinga Velho,https://brazilian.report/money/2018/11/13/brazil-basic-income-quatinga-velho/,Unconditional Cash Transfer,2008,2014,$15,,,Individual,,14,https://basicincomeweek.org/ubi/basic-income-pilot-quatinga-velho-brazil/,Self-esteem,Experiment,Private/Donations,Middle income,Approximate,1
15,Brazil,Sao Paulo,Quatinga Velho,Quatinga Velho,Quatinga Velho,https://brazilian.report/money/2018/11/13/brazil-basic-income-quatinga-velho/,Unconditional Cash Transfer,2008,2014,$15,,,Individual,,14,https://basicincomeweek.org/ubi/basic-income-pilot-quatinga-velho-brazil/,Social Insecurity/Expectations of the future,Experiment,Private/Donations,Middle income,Approximate,1
16,Italy,Tuscany,Livorno,Livorno,Livorno Basic Income (Unofficial Title),https://basicincome.org/news/2016/12/italy-basic-income-pilot-launched-italian-coastal-city/,Unconditional Cash Transfer,2016,2016,$506,,,Household,,200,https://news.vice.com/en_us/article/a3j5yg/a-city-in-italy-is-giving-its-poorest-residents-537-a-month-to-survive,,Experiment,Private/Donations,High income,As stated,1
17,Iran,Tehran Province,Tehran,Nationwide,Basic Income,"https://www.researchgate.net/publication/304799644_Iran_A_Bumpy_Road_toward_Basic_Income#:~:text=The%20government%20of%20Iran%20introduced,all%20citizens%20of%20the%20country.&text=The%20government%20of%20Iran%20introduced,all%20citizens%20of%20the%20country.",Unconditional Cash Transfer,2010,,$45,,,Individual,,,https://basicincome.org/news/2012/05/opinion-irans-citizens-income-scheme-and-its-lessons/,Work Effort/Labor Supply Responses,Current policy/program,Government,Middle income,As stated,0
18,United States,Alaska,Juneau,Statewide,Alaska Permanent Fund Dividend,https://pfd.alaska.gov/,Dividend,1982,,"$1,600",,,Individual,,,http://humcap.uchicago.edu/RePEc/hka/wpaper/Jones_Marinescu_2019_labor-market-impacts-universal-transfers.pdf,Work Effort/Labor Supply Responses,Current policy/program,Government,High income,Approximate,0
19,United States,North Carolina,Cherokee,Cherokee,Eastern Band of Cherokee Indian Casino Dividend,,Dividend,1997,,$333,,,Individual,,,https://www.wired.com/story/free-money-the-surprising-effects-of-a-basic-income-supplied-by-government/; https://www.exploringtheproblemspace.com/new-blog/2020/5/13/universal-basic-income-narrative-and-reality-the-case-of-the-eastern-cherokee,Psychological well-being,Current policy/program,Co-op enterprise,High income,Approximate,0
19,United States,North Carolina,Cherokee,Cherokee,Eastern Band of Cherokee Indian Casino Dividend,,Dividend,1997,,$333,,,Individual,,,https://www.wired.com/story/free-money-the-surprising-effects-of-a-basic-income-supplied-by-government/; https://www.exploringtheproblemspace.com/new-blog/2020/5/13/universal-basic-income-narrative-and-reality-the-case-of-the-eastern-cherokee,Work Effort/Labor Supply Responses,Current policy/program,Co-op enterprise,High income,Approximate,0
20,Germany,Brandenburg,Bernau,Multiple Areas,Pilotprojekt Grundeinkommen,https://www.pilotprojekt-grundeinkommen.de/english,Unconditional Cash Transfer,2020,2023,"$1,442",1500,,Individual,1380,120,https://www.mein-grundeinkommen.de/infos/in-english,Health Outcomes,Experiment,Private/Donations,High income,As stated,1
20,Germany,Brandenburg,Bernau,Multiple Areas,Pilotprojekt Grundeinkommen,https://www.pilotprojekt-grundeinkommen.de/english,Unconditional Cash Transfer,2020,2023,"$1,442",1500,,Individual,1380,120,https://www.mein-grundeinkommen.de/infos/in-english,Work Effort/Labor Supply Responses,Experiment,Private/Donations,High income,As stated,1
20,Germany,Brandenburg,Bernau,Multiple Areas,Pilotprojekt Grundeinkommen,https://www.pilotprojekt-grundeinkommen.de/english,Unconditional Cash Transfer,2020,2023,"$1,442",1500,,Individual,1380,120,https://www.mein-grundeinkommen.de/infos/in-english,Digital Revolution,Experiment,Private/Donations,High income,As stated,1
20,Germany,Brandenburg,Bernau,Multiple Areas,Pilotprojekt Grundeinkommen,https://www.pilotprojekt-grundeinkommen.de/english,Unconditional Cash Transfer,2020,2023,"$1,442",1500,,Individual,1380,120,https://www.mein-grundeinkommen.de/infos/in-english,Politics and Social Behaviour/Community Involvement/Mobilisation/Empowerment,Experiment,Private/Donations,High income,As stated,1
20,Germany,Brandenburg,Bernau,Multiple Areas,Pilotprojekt Grundeinkommen,https://www.pilotprojekt-grundeinkommen.de/english,Unconditional Cash Transfer,2020,2023,"$1,442",1500,,Individual,1380,120,https://www.mein-grundeinkommen.de/infos/in-english,Various forms of consumption,Experiment,Private/Donations,High income,As stated,1
21,Germany,Brandenburg,Berlin,Multiple Areas,HartzPlus,https://hartz-plus.de/hpenglish,Unconditional Cash Transfer,2019,2022,$510,250,,Individual,250,250,https://basicincome.org/news/2018/12/germany-the-first-basic-income-experiment-in-germany-will-start-in-2019/,Health Outcomes,Experiment,Private/Donations,High income,Approximate,1
21,Germany,Brandenburg,Berlin,Multiple Areas,HartzPlus,https://hartz-plus.de/hpenglish,Unconditional Cash Transfer,2019,2022,$510,250,,Individual,250,250,https://basicincome.org/news/2018/12/germany-the-first-basic-income-experiment-in-germany-will-start-in-2019/,Subjective well-being,Experiment,Private/Donations,High income,Approximate,1
21,Germany,Brandenburg,Berlin,Multiple Areas,HartzPlus,https://hartz-plus.de/hpenglish,Unconditional Cash Transfer,2019,2022,$510,250,,Individual,250,250,https://basicincome.org/news/2018/12/germany-the-first-basic-income-experiment-in-germany-will-start-in-2019/,Financial insecurity/vulnerability/health,Experiment,Private/Donations,High income,Approximate,1
21,Germany,Brandenburg,Berlin,Multiple Areas,HartzPlus,https://hartz-plus.de/hpenglish,Unconditional Cash Transfer,2019,2022,$510,250,,Individual,250,250,https://basicincome.org/news/2018/12/germany-the-first-basic-income-experiment-in-germany-will-start-in-2019/,Politics and Social Behaviour/Community Involvement/Mobilisation/Empowerment,Experiment,Private/Donations,High income,Approximate,1
22,Spain,Catalonia,Barcelona,Barcelona,B-MINCOME,https://basicincome.org/topic/barcelona/,Mixed,2017,2019,$691,1000,950,Household,1000,1500,https://ajuntament.barcelona.cat/dretssocials/sites/default/files/arxius-documents/results_bmincome_eng.pdf,Subjective well-being,Experiment,Government,High income,Approximate,1
22,Spain,Catalonia,Barcelona,Barcelona,B-MINCOME,https://basicincome.org/topic/barcelona/,Mixed,2017,2019,$691,1000,950,Household,1000,1500,https://ajuntament.barcelona.cat/dretssocials/sites/default/files/arxius-documents/results_bmincome_eng.pdf,Standard of Living,Experiment,Government,High income,Approximate,1
22,Spain,Catalonia,Barcelona,Barcelona,B-MINCOME,https://basicincome.org/topic/barcelona/,Mixed,2017,2019,$691,1000,950,Household,1000,1500,https://ajuntament.barcelona.cat/dretssocials/sites/default/files/arxius-documents/results_bmincome_eng.pdf,Work Effort/Labor Supply Responses,Experiment,Government,High income,Approximate,1
22,Spain,Catalonia,Barcelona,Barcelona,B-MINCOME,https://basicincome.org/topic/barcelona/,Mixed,2017,2019,$691,1000,950,Household,1000,1500,https://ajuntament.barcelona.cat/dretssocials/sites/default/files/arxius-documents/results_bmincome_eng.pdf,Health Outcomes,Experiment,Government,High income,Approximate,1
22,Spain,Catalonia,Barcelona,Barcelona,B-MINCOME,https://basicincome.org/topic/barcelona/,Mixed,2017,2019,$691,1000,950,Household,1000,1500,https://ajuntament.barcelona.cat/dretssocials/sites/default/files/arxius-documents/results_bmincome_eng.pdf,Effect on Children,Experiment,Government,High income,Approximate,1
22,Spain,Catalonia,Barcelona,Barcelona,B-MINCOME,https://basicincome.org/topic/barcelona/,Mixed,2017,2019,$691,1000,950,Household,1000,1500,https://ajuntament.barcelona.cat/dretssocials/sites/default/files/arxius-documents/results_bmincome_eng.pdf,Politics and Social Behaviour/Community Involvement/Mobilisation/Empowerment,Experiment,Government,High income,Approximate,1
23,Macau,Macau,Macau,Macau,Wealth Partaking Scheme,https://www.macaubusiness.com/cash-handout-scheme-amounts-maintained-in-2021/,Unconditional Cash Transfer,2008,,"$1,240",,,Individual,,,https://www.gov.mo/en/news/265571/,,Current policy/program,Government,High income,As stated,0
24,South Korea,Gyeonggi,Seoul,Seoul,Youth Basic Income,http://www.koreaherald.com/view.php?ud=20200811000938,In-region spending - limited timeframe,2019,,$75,,,Individual,,,https://www.seoulz.com/ubi-in-korea-starts-with-the-youth-basic-income-project-in-gyeonggi-do/,Institutional Trust,Experiment,Government,High income,As stated,0
25,Hong Kong,Hong Kong,Hong Kong,Hong Kong,Scheme 6000,"https://en.wikipedia.org/wiki/Scheme_$6,000",Unconditional Cash Transfer,2011,2012,$64,,,Individual,,,https://www.scmp.com/article/976009/start-sight-hk6000-handout,,Discontinued Government Policy/Program,Government,High Income,As stated,1
26,Mongolia,T嘛,Ulaanbaatar,Nationwide,Human Development Fund,https://basicincome.org/news/2020/09/mongolias-resource-to-cash-transfers/,Dividend,2010,2012,$7,,,Individual,,,,,Current policy/program,Co-op enterprise,Middle income,Unknown,1
27,United States,California,Santa Monica,Santa Monica,Preserving Our Diversity Program,https://www.santamonica.gov/housing-pod,Unconditional Cash Transfer,2017,,$747,,,Individual,,,https://www.santamonica.gov/blog/preserving-our-diversity-p-o-d-program-offers-economic-assistance-to-seniors-in-santa-monica,Housing Stability/Living Conditions,Current policy/program,Government,High income,Approximate,1
28,United States,California,Santa Clara,Santa Clara,Transition-Age Youth Basic Income Pilot Prgram,https://www.sccgov.org/sites/opa/newsroom/Pages/universalbasicincomeprogram.aspx,Unconditional Cash Transfer,2020,2021,"$1,000",,,Individual,,,https://www.paloaltoonline.com/news/2021/03/08/new-bill-would-give-former-california-foster-youth-1k-in-universal-basic-income,,Current policy/program,Government,High income,As stated,0
29,Israel,Gush Dan,Tel Aviv,Worldwide,Good Dollar,https://www.gooddollar.org/,Unconditional Cash Transfer,2020,,,,,Individual,,,,,Current policy/program,Decentralised finance,High income,Unknown,0
30,United States,California,Compton,Compton,Compton Pledge,https://comptonpledge.org/,Unconditional Cash Transfer,2021,2023,$500,800,,Individual,,,https://comptonpledge.org/wp-content/uploads/2020/10/ComptonPledgeFactSheet-1.pdf,,Experiment,Private/Donations,High income,As stated,1
31,United States,Minnesota,Saint Paul,Saint Paul,Prosperity Guaranteed Income Pilot Program,https://www.stpaul.gov/departments/financial-empowerment/peoples-prosperity-guaranteed-income-pilot,Unconditional Cash Transfer,2020,2022,$500,150,,Household,,,https://prosperitynow.org/blog/peoples-prosperity-pilot-providing-financial-relief-collegebound-saint-paul-families,,Experiment,Government,High income,As stated,1
32,United States,South Carolina,Columbia,Columbia,Columbia Climb,https://www.wltx.com/article/money/council-members-for-the-city-of-columbia-launches-climb-program/101-76ce34d7-cadb-4010-8f8d-cd950facd2fc,Unconditional Cash Transfer,2020,2021,$500,100,,Individual,,,,,Experiment,Private/Donations,High income,As stated,1
33,United States,New Jersey,Newark,Newark,The Newark Movement for Economic Equity,https://newarkequity.org/,Unconditional Cash Transfer,2021,2023,$500,400,,Individual,,,,,Experiment,Government,High income,Approximate,1
34,United States,California,Los Angeles,Los Angeles,BIG:LEAP,https://bigleap.lacity.org/,Unconditional Cash Transfer,2022,2023,"$1,000",3000,,Individual,3000,3500,https://www.lacity.org/highlights/community-investment-families-department-announces-bigleap-largest-guaranteed-basic,,Experiment,Government,High income,As stated,1
35,United States,California,Oakland,Oakland,Oakland Resilient Families,https://oaklandresilientfamilies.org/,Unconditional Cash Transfer,2022,2024,$500,600,,Household,,,,,Experiment,Private/Donations,High income,As stated,1
36,United States,Washington,Tacoma,Tacoma,Guranteed Income Initiative - Growing Resilience in Tacoma (GRIT),https://www.uwpc.org/guaranteed-income-initiative-growing-resilience-tacoma-grit,Unconditional Cash Transfer,2021,2022,$500,110,,Household,,,https://www.king5.com/article/news/local/tacoma/tacomas-universal-basic-income-pilot-program-starts-with-110-families/281-bfa9e22c-4d6c-41eb-8bc1-3242b2c4f03a,,Experiment,Private/Donations,High income,As stated,1
37,United States,New York,Hudson,Hudson,HudsonUP,https://www.hudsonup.org/,Unconditional Cash Transfer,2020,2025,$500,75,,Individual,,,,,Experiment,Private/Donations,High income,As stated,1
38,United States,Florida,Gainesville,Gainesville,Just Income GNV,https://jignv.org/,Unconditional Cash Transfer,2022,2022,$600,115,,Individual,,,https://www.wuft.org/news/2021/04/30/gainesvilles-guaranteed-income-payments-could-be-sent-by-october/,,Experiment,Private/Donations,High income,As stated,1
39,United States,Virginia,Richmond,Richmond,Richmond Resilience Initiative,https://www.rva.gov/community-wealth-building/richmond-resilience-initiative,Unconditional Cash Transfer,2020,2022,$500,18,,Household,,,https://www.rva.gov/human-services-press-releases-and-announcements-mayors-office/news/stoney-administration-launch,,Experiment,Private/Donations,High income,As stated,1
40,United States,New Jersey,Paterson,Paterson,Paterson Guaranteed Income Pilot Program,https://www.patersonnj.gov/department/division.php?structureid=148,Unconditional Cash Transfer,2021,2022,$400,110,,Individual,110,110,https://www.northjersey.com/story/news/paterson-press/2021/07/30/guaranteed-income-program-paterson-nj-400-month/5417282001/,,Experiment,Private/Donations,High income,As stated,1
41,United States,Massachusetts,Cambridge,Cambridge,Cambridge RISE,https://www.cambridgerise.org/,Unconditional Cash Transfer,2021,2023,$500,130,,Individual,,,,,Experiment,Private/Donations,High income,As stated,1
42,United States,New Mexico,Santa Fe,Santa Fe,Santa Fe LEAP,https://santafeleap.org/,Unconditional Cash Transfer,2022,2023,$400,100,,Individual,,,https://www.abqjournal.com/2400456/santa-fe-signs-on-to-guaranteed-income-program.html,,Experiment,Private/Donations,High income,As stated,1
43,United States,Indiana,Gary,Gary,Guaranteed Income Validation Effort,https://givegary.org/,Unconditional Cash Transfer,2021,2022,$500,100,,Individual,,,,,Experiment,Private/Donations,High income,As stated,1
44,United States,Massachusetts,Chelsea,Chelsea,Chelsea Eats,https://unitedwaymassbay.org/covid-19/local-funds/chelsea-eats/,Unconditional Cash Transfer,2020,2021,$300,2000,,Household,,,https://www.bostonglobe.com/2020/10/17/business/chelsea-is-about-become-countrys-biggest-experiment-giving-out-no-strings-attached-checks/,,Experiment,Private/Donations,High income,Approximate,1
45,United States,California,San Diego,San Diego,San Diego for Every Child,https://www.sandiegoforeverychild.org/guaranteed-income/,Unconditional Cash Transfer,2022,2024,$500,150,,Household,150,,,,Experiment,Private/Donations,High income,As stated,1
46,United States,California,San Francisco,San Francisco,San Francisco Guaranteed Income Pilot for Artists,https://www.guaranteedinc.org/,Unconditional Cash Transfer,2021,2023,"$1,000",190,,Individual,,,https://calmatters.org/california-divide/2021/11/san-francisco-guaranteed-income/,,Experiment,Private/Donations,High income,As stated,1
47,United States,California,Sacramento,Sacramento,Direct Investment Program in Sacramento,https://www.yourlocalunitedway.org/dips,Unconditional Cash Transfer,2021,2023,$300,100,,Household,,,https://www.kcra.com/article/100-sacramento-county-families-new-guaranteed-income-program/37012507,,Experiment,Private/Donations,High income,As stated,1
48,United States,California,Long Beach,Long Beach,City of Long Beach's Guaranteed Basic Income program,https://www.csulb.edu/news/article/csulb-to-gauge-economic-social-impacts-of-guaranteed-basic-income-pilot-long-beach,Unconditional Cash Transfer,2022,2023,$500,500,,Household,,,https://laist.com/news/politics/long-beach-universal-basic-income-program,,Experiment,Government,High income,As stated,1
49,United States,Rhode Island,Providence,Providence,Providence,https://www.providenceri.gov/mayor-elorza-community-partners-announce-first-distribution-of-monthly-payments-for-providence-guaranteed-income-program-participants/,Unconditional Cash Transfer,2021,2022,$500,110,,Individual,,,,,Experiment,Private/Donations,High income,As stated,1
50,United States,Louisiana,New Orleans,New Orleans,New Orleans Guaranteed Income,https://www.wwno.org/news/2021-11-18/some-new-orleans-youth-could-get-unconditional-cash-payments-but-the-criteria-is-complicated,Unconditional Cash Transfer,2021,2022,$350,125,,Individual,,,,,Experiment,Private/Donations,High income,As stated,1
51,United States,North Carolina,Durham,Durham,Durham Guaranteed Income,https://www.wral.com/durham-residents-can-soon-apply-for-500-per-month-guaranteed-income/20026261/,Unconditional Cash Transfer,2022,2023,$500,100,,Individual,,,https://indyweek.com/news/durham/durham-residents-guaranteed-monthly-income/,,Experiment,Private/Donations,High income,As stated,1
52,United States,Georgia,Atlanta,Atlanta,IMPACT,https://ulgacoaimpact.org,Unconditional Cash Transfer,2022,2023,$500,275,,Individual,132,,"https://www.thecentersquare.com/georgia/article_a319e270-3e6d-11ed-a6dd-97691907171a.html#:~:text=(The%20Center%20Square)%20ﾐ%20The,month%20to%20300%20Atlanta%20residents.",,Experiment,Government,High income,As stated,1
53,United States,Georgia,Atlanta,Atlanta,Georgia Resilience and Opportunity Fund,https://thegrofund.org,Unconditional Cash Transfer,2022,,$850,,,Individual,,,https://www.npr.org/2022/02/23/1082622845/atlanta-rolls-out-pilot-basic-income-program-inspired-by-mlk-jr,,Experiment,Private/Donations,High income,As stated,0
54,United States,Mississippi,Jackson,Jackson,Magnolia Mohter's Trust,https://springboardto.org/magnolia-mothers-trust/,Unconditional Cash Transfer,2018,,"$1,000",,,Individual,,,"https://19thnews.org/2022/08/magnolia-mothers-trust-guaranteed-income-black-mothers/#:~:text=The%20Magnolia%20Mother%27s%20Trust%20is,never%20meant%20to%20last%20forever.",,Current policy/program,Private/Donations,High income,As stated,0
55,United States,Louisiana,Shreveport,Shreveport,Shreveport Guaranteed Income Pilot,,Unconditional Cash Transfer,2022,2023,$660,110,,Individual,,,,,Experiment,Private/Donations,High income,As stated,1
56,United States,Wisconsin,Madison,Madison,Madison Forward Fund,"https://www.irp.wisc.edu/MadisonForwardFund/#:~:text=The%20Madison%20Forward%20Fund%20is,attached%20and%20no%20work%20requirements.",Unconditional Cash Transfer,2022,2023,$500,,,Individual,,,https://www.nbc15.com/2023/03/13/madisons-guaranteed-income-pilot-has-initial-findings-now-halfway-through/,Various forms of consumption,Experiment,Private/Donations,High income,As stated,1
57,United States,New York,Mount Vernon,Mount Vernon,Level Up,https://westchester.news12.com/200-mount-vernon-families-start-receiving-500-a-month-through-mayors-guaranteed-income-pilot-program#,Unconditional Cash Transfer,2023,2024,$500,200,,Household,275,,https://www.cmvny.com/588/Mayors-Guaranteed-Income-Initiative,,Experiment,Government,High income,As stated,1
58,United States,New York,Ithaca,Ithaca,Ithaca Guaranteed Income,https://guaranteedincome.us/ithaca,Unconditional Cash Transfer,2022,2023,$450,110,,Individual,,,https://www.wskg.org/news/2021-12-08/ithaca-guaranteed-basic-income-pilot-rollout,Various forms of consumption,Experiment,Private/Donations,High income,As stated,1
59,United States,Maryland,Baltimore,Baltimore,Baltimore Young Families Success Fund,https://www.bmorechildren.com/guaranteed-income,Unconditional Cash Transfer,2022,2024,"$1,000",200,,Household,156,,https://mayor.baltimorecity.gov/news/press-releases/2022-08-15-city-begins-processing-payments-guaranteed-income-pilot,,Experiment,Government,High income,As stated,1
60,United States,Illinois,Evanston,Evanston,Guaranteed Income Program,https://www.cityofevanston.org/residents/guaranteed-income-program,Unconditional Cash Transfer,2022,2023,$500,150,,Individual,,,,,Experiment,Private/Donations,High income,As stated,1
61,United States,Virginia,Alexandria,Alexandria,ARISE,https://www.alexandriava.gov/ARISE,Unconditional Cash Transfer,2022,2024,$500,170,,Individual,,,"https://www.actforalexandria.org/news/t/arise-guaranteed-income-pilot-application-dates-announced/#:~:text=One%20hundred%20and%20seventy%20(170,it%20on%20whatever%20they%20choose.",,Experiment,Government,High income,As stated,1
62,United States,Alabama,Birmingham,Birmingham,Embrace Mothers,https://www.birminghamal.gov/embracemothers,Unconditional Cash Transfer,2022,2023,$375,110,,Individual,,,,,Experiment,Government,High income,As stated,1
63,United States,New York,Rochester,Rochester,Guaranteed Basic Income,https://www.roccitynews.com/news-opinion/rochester-city-council-approves-pilot-program-for-guaranteed-basic-income-14027896,Unconditional Cash Transfer,2023,2025,$500,175,,Individual,,,,,Experiment,Government,High income,As stated,1
64,United States,Kentucky,Louisville,Louisville,YALift,https://metrounitedway.org/program/yalift/,Unconditional Cash Transfer,2022,2023,$500,150,,Individual,,,https://spectrumnews1.com/ky/louisville/news/2022/11/25/guaranteed-income-pilot-program-for-select-few-in-louisville,,Experiment,Private/Donations,High income,As stated,1
65,United States,California,South San Francisco,South San Francisco,City of South San Francisco Guaranteed Income Pilot program,https://www.ssf.net/departments/economic-community-development/economic-development/guaranteed-income,Unconditional Cash Transfer,2021,2022,$500,160,,Household,,,https://www.ssf.net/home/showpublisheddocument/29913/638212893898630000,Various forms of consumption,Experiment,Government,High income,As stated,1
65,United States,California,South San Francisco,South San Francisco,City of South San Francisco Guaranteed Income Pilot program,https://www.ssf.net/departments/economic-community-development/economic-development/guaranteed-income,Unconditional Cash Transfer,2021,2022,$500,160,,Household,,,https://www.ssf.net/home/showpublisheddocument/29913/638212893898630000,Social Insecurity/Expectations of the future,Experiment,Government,High income,As stated,1
66,United States,California,West Hollywood,West Hollywood,West Hollywood Pilot for Guaranteed Income,https://www.ncjwla.org/whpgi/,Unconditional Cash Transfer,2022,2024,"$1,000",25,,Individual,,,https://guaranteedincome.us/west-hollywood,Various forms of consumption,Experiment,Private/Donations,High income,As stated,1
67,United States,Michigan,Lansing,Lansing,Lansing Guaranteed Basic Income,"https://www.lansingcitypulse.com/stories/lansing-to-offer-guaranteed-income-to-random-households,20635",Unconditional Cash Transfer,2022,2024,$500,100,,Household,,,,,Experiment,Government,High income,As stated,1
68,United States,California,Alameda,Alameda,Rise Up Alameda,https://www.alamedaca.gov/Departments/Community-Development/Guaranteed-Income-Pilot-Program,Unconditional Cash Transfer,2023,2025,"$1,000",150,,Household,,,,,Experiment,Government,High income,As stated,1
69,United States,California,West Sacramento,West Sacramento,YOBI,"https://www.dailydemocrat.com/2023/01/14/supervisors-approve-agreement-with-uc-davis-to-study-yolo-basic-income-program/#:~:text=Launched%20on%20April%201%2C%20the,%241%2C200%20and%20%241%2C500%20per%20month.",Unconditional Cash Transfer,2023,2025,"$1,200",55,,Household,,,https://www.yolocounty.org/Home/Components/News/News/12959/4918,,Experiment,Private/Donations,High income,As stated,1
70,United States,California,Healdsburg,Healdsburg,Sonoma County Pathway to Income Equity,"https://www.pressdemocrat.com/article/news/guaranteed-income-program-underway-for-sonoma-county-families/#:~:text=The%20Sonoma%20County%20Pathway%20to%20Income%20Equity%20began%20in%20February,mobility%20for%20individuals%20and%20families.",Unconditional Cash Transfer,2023,2025,$500,305,,Household,,,https://sonomacounty.ca.gov/sonoma-county-launches-pilot-program-to-provide-guaranteed-income-to-305-families,,Experiment,Government,High income,As stated,1
71,United States,Oregon,Portland,Portland,Black Resilience Fund,https://www.blackresiliencefund.com,Unconditional Cash Transfer,2022,2026,"$1,000",50,,Household,,,https://basicincome.stanford.edu/experiments-map/,,Experiment,Private/Donations,High income,As stated,1
72,United States,Oregon,Portland,Portland,Multnomah Mother's Trust,https://www.multco.us/multnomah-idea-lab/multnomah-motherﾕs-trust,Unconditional Cash Transfer,2022,,"$1,000",75,,Individual,,,https://basicincome.stanford.edu/experiments-map/,,Current policy/program,Government,High income,As stated,1
73,United States,California,San Francisco,San Francisco,YBCA Guaranteed Income Pilot,https://www.theartnewspaper.com/2022/07/19/san-francisco-artists-will-receive-dollar1000-per-month-as-part-of-a-guaranteed-income-pilot-programme,Unconditional Cash Transfer,2021,2022,"$1,000",130,,Individual,,,,,Experiment,Private/Donations,High income,As stated,1
74,United States,California,Los Angeles,Los Angeles,NCJWLA Guaranteed Income Project,https://www.ncjwla.org/gip/,Unconditional Cash Transfer,2021,2022,"$1,000",12,,Individual,,,,,Experiment,Private/Donations,High income,As stated,1
75,United States,California,Los Angeles,Los Angeles,Breathe: LA County's Guaranteed Income Program,"https://ceo.lacounty.gov/pai/breathe/#:~:text=Breathe%20is%20a%20guaranteed%20income%20pilot%20project%20that%20provides%201%2C000,per%20month%20for%20two%20years.",Unconditional Cash Transfer,2022,2025,"$1,000",1000,,Individual,450,,,,Experiment,Government,High income,As stated,1
76,United States,California,Coachella,Coachella,Immigrant Families Recovery Program: Coachella's UBI Recovery Program,https://www.desertsun.com/story/news/local/coachella/2023/03/09/new-coachella-basic-income-program-gives-139-immigrant-families-400-a-month/69987402007/#,Unconditional Cash Transfer,2022,2024,$400,140,,Household,,,https://basicincome.stanford.edu/experiments-map/,,Experiment,Government,High income,As stated,1
77,United States,New Mexico,Albuquerque,Albuquerque,Students Experiencing Homelessness Basic Needs Stipend,https://basicincome.stanford.edu/experiments-map/,Unconditional Cash Transfer,2020,2021,$500,53,,Individual,,,https://static1.squarespace.com/static/5f0a38f01f6b1056b512c935/t/62e19a6d36747c1d7d48bf28/1658952307417/Students_Experiencing_Homelessness_A+Conditional_Cash+Transfer_Pilot.pdf,,Experiment,Private/Donations,High income,As stated,1
78,United States,New Mexico,Albuquerque,Albuquerque,New Mexico Guaranteed Basic Income Pilot Project & Study for Immigrant Families,https://www.governing.com/finance/new-mexico-pilot-program-offers-payments-to-immigrant-families,Unconditional Cash Transfer,2022,2023,$500,330,,Individual,,,,,Experiment,Private/Donations,High income,As stated,1
79,United States,Minnesota,Minneapolis,Minneapolis,Minneapolis Guaranteed Basic Income Pilot,https://www.minneapolismn.gov/government/programs-initiatives/basic-income/,Unconditional Cash Transfer,2022,2024,$500,200,,Household,,,,,Experiment,Government,High income,As stated,1
80,United States,Minnesota,Saint Paul,Saint Paul,International Institute of Minnesota's Guaranteed Income Program for Refugees,https://sahanjournal.com/changing-minnesota/refugee-immigrant-guaranteed-income-international-institute-of-minnesota/#,Unconditional Cash Transfer,2022,2023,$750,25,,Household,,,,,Experiment,Private/Donations,High income,As stated,1
81,United States,Minnesota,Saint Paul,Saint Paul,Guaranteed Income Pilot for Artists,https://springboardforthearts.org/guaranteed-income-for-artists/,Unconditional Cash Transfer,2021,2022,$500,25,,Individual,,,https://guaranteedincome.us/st-paul-springboard,,Experiment,Private/Donations,High income,As stated,1
82,United States,Iowa,Des Moines,Des Moines,UpLift - The Central Iowa Basic Income Pilot,https://upliftiowa.org,Unconditional Cash Transfer,2023,2025,$500,110,,Individual,,,https://www.weareiowa.com/article/money/guaranteed-income-harkin-institute-central-iowa-pilot-uplift-project/524-4046d409-1227-4a98-a2e9-1e2301e64cf5,,Experiment,Private/Donations,High income,As stated,1
83,United States,New York,New York,New York,Baby's First Years,"https://www.babysfirstyears.com/#:~:text=Mothers%20receive%20a%20monthly%20unconditional,and%20ended%20in%20June%202019.",Unconditional Cash Transfer,2018,2023,$333,1000,,Individual,,,,Children's Growth,Experiment,Private/Donations,High income,As stated,1
83,United States,Louisiana,New Orleans,New Orleans,Baby's First Years,"https://www.babysfirstyears.com/#:~:text=Mothers%20receive%20a%20monthly%20unconditional,and%20ended%20in%20June%202019.",Unconditional Cash Transfer,2018,2023,$333,1000,,Individual,,,,Children's Growth,Experiment,Private/Donations,High income,As stated,1
83,United States,Nebraska,Omaha,Omaha,Baby's First Years,"https://www.babysfirstyears.com/#:~:text=Mothers%20receive%20a%20monthly%20unconditional,and%20ended%20in%20June%202019.",Unconditional Cash Transfer,2018,2023,$333,1000,,Individual,,,,Children's Growth,Experiment,Private/Donations,High income,As stated,1
83,United States,Minnesota,Minneapolis,Minneapolis,Baby's First Years,"https://www.babysfirstyears.com/#:~:text=Mothers%20receive%20a%20monthly%20unconditional,and%20ended%20in%20June%202019.",Unconditional Cash Transfer,2018,2023,$333,1000,,Individual,,,,Children's Growth,Experiment,Private/Donations,High income,As stated,1
84,United States,Texas,Dallas,Dallas,Dallas Targeted Eviction Prevention Program Fund,https://unitedwaydallas.org/programs/targeted-eviction-prevention-program/,Unconditional Cash Transfer,2021,2024,$250,500,,Household,,,,,Experiment,Private/Donations,High income,As stated,1
85,United States,Texas,Austin,Austin,Austin's Guaranteed Income Pilot Program,https://www.urban.org/research/publication/austin-guaranteed-income-pilot-participant-goals-and-uses-cash,Unconditional Cash Transfer,2022,2023,"$1,000",135,,Household,,,https://www.texastribune.org/2022/05/05/austin-texas-guaranteed-income-program/,,Experiment,Government,High income,As stated,1
86,United States,Texas,San Antonio,San Antonio,San Antonio Basic Income Pilot,https://sanantonioreport.org/cash-without-conditions-san-antonio-experiment-guaranteed-income/,Unconditional Cash Transfer,2020,2023,$133,1000,,Household,,,,,Experiment,Government,High income,As stated,1
87,United States,Texas,Houston,Houston,Houston Equity Fund,https://houstonequityfund.org,Unconditional Cash Transfer,2022,2023,$375,110,,Individual,,,,,Experiment,Private/Donations,High income,As stated,1
88,United States,Illinois,Chicago,Chicago,Chicago Resilient Communities Pilot,https://www.chicago.gov/city/en/sites/resilient-communities-pilot/home.html,Unconditional Cash Transfer,2022,2023,$500,5000,,Individual,,,,,Experiment,Government,High income,As stated,1
89,United States,Illinois,Chicago,Chicago,Cook County Promise Guaranteed Income Pilot,https://www.cookcountyil.gov/promise,Unconditional Cash Transfer,2022,2025,$500,3250,,Individual,,,,,Experiment,Government,High income,As stated,1
90,United States,Louisiana,New Orleans,New Orleans,New Orleans Guaranteed Income Program,https://nola.gov/next/mayors-office/news/articles/october-2022/city-of-new-orleans-releases-data-from-mayors-for-a-guaranteed-income-pilot-program/,Unconditional Cash Transfer,2022,2023,$350,125,,Individual,,,,Various forms of consumption,Experiment,Private/Donations,High income,As stated,1
91,United States,Michigan,Ann Arbor,Ann Arbor,Thriving Families,https://www.mlive.com/news/ann-arbor/2023/06/ann-arbor-to-give-select-households-528-a-month-in-guaranteed-income-for-2-years.html,Unconditional Cash Transfer,2024,2026,$528,100,,Individual,,,https://www.cbsnews.com/detroit/news/100-ann-arbor-residents-set-to-receive-over-500-monthly-to-supplement-income/,,Experiment,Government,High income,As stated,1
92,United States,Ohio,Yellow Springs,Yellow Springs,YSEQUITY,https://ysequity.org,Unconditional Cash Transfer,2023,2025,$300,90,,Individual,,,,,Experiment,Private/Donations,High income,As stated,1
93,United States,Tennessee,Nashville,Nashville,37208 Demonstration,https://www.movingnashvilleforward.org/37208-demonstration,Unconditional Cash Transfer,2021,2022,"$1,000",100,,Individual,,,,,Experiment,Private/Donations,High income,As stated,1
94,United States,New York,Kingston,Kingston,Project Resilience,https://ulstercountyny.gov/news/executive/ulster-county-executive-pat-ryan-announces-over-4200-residents-have-applied,Unconditional Cash Transfer,2021,2022,$500,100,,Individual,,,,,Experiment,Private/Donations,High income,As stated,1
95,United States,Maryland,Rockville,Rockville,Montgomery County Guaranteed Income Program,https://mocoboost.org,Unconditional Cash Transfer,2022,2024,$800,300,,Household,,,,,Experiment,Private/Donations,High income,As stated,1
96,United States,Washington D.C.,Washington D.C.,Washington D.C.,Let's Go DMV,https://www.letsgodmv.org,Unconditional Cash Transfer,2022,2026,"$1,000",75,,Individual,,,,,Experiment,Private/Donations,High income,As stated,1
97,United States,Virginia,Arlington,Arlington,Arlington's Guarantee,https://www.arlcf.org/arlingtons-guarantee/,Unconditional Cash Transfer,2021,2022,$500,200,,Household,,,,,Experiment,Private/Donations,High income,As stated,1
98,United States,Washington D.C.,Washington D.C.,Washington D.C.,"Strong Families, Strong Future DC",https://marthastable.org/sfsf/,Unconditional Cash Transfer,2022,2023,$900,132,,Individual,,,,,Experiment,Private/Donations,High income,As stated,1
99,United States,North Carolina,Durham,Durham,Excel,https://www.stepupdurham.org/excel,Unconditional Cash Transfer,2022,2023,$600,109,,Individual,,,,,Experiment,Government,High income,As stated,1
100,Ireland,Dublin,Dublin,Dublin,Basic Income for the Arts,https://www.citizensinformation.ie/en/employment/unemployment-and-redundancy/employment-support-schemes/basic-income-arts/,Unconditional Cash Transfer,2022,2025,"$1,412",2000,,Individual,,,,,Experiment,Government,High income,As stated,1
101,Wales,South Glamorgan,Cardiff,Cardiff,Basic Income for Care Leavers,"https://www.gov.wales/basic-income-pilot-care-leavers-overview-scheme#:~:text=The%20Basic%20Income%20for%20Care%20Leavers%20in%20Wales%20pilot%20is,in%20the%20pilot%2C%20via%20BACS.",Unconditional Cash Transfer,2022,2024,"$1,627",500,,Individual,,,https://www.bbc.com/news/uk-wales-politics-61950546,,Experiment,Government,High income,As stated,1
102,Sierra Leone,Freetown,Freetown,Freetown,Social Income Sierra Leone,"https://socialincome.org/ch/en/our-work#:~:text=As%20of%20March%202020%2C%20recipients,month%2C%20guaranteed%20for%20three%20years.",Unconditional Cash Transfer,2020,2023,$30,146,,Individual,,,https://basicincome.stanford.edu/experiments-map/,,Experiment,Private/Donations,Low income,As stated,1
103,Liberia,Maryland,Harper,Harper,Liberia Basic Income,https://www.givedirectly.org/maryland/,Unconditional Cash Transfer,2022,2026,$408,10987,,Household,,,,,Experiment,Private/Donations,Low income,Approximate,1
104,Togo,Golfe,Lome,Lome,Novissi,https://novissi.gouv.tg/en/home-new-en/,Unconditional Cash Transfer,2020,,$65,819972,,Individual,,,,,Current policy/program,Government,Low income,Approximate,0
105,India,Telangana,Hyderabad,Hyderabad,WorkFREE UBI+,https://www.work-free.net,Unconditional Cash Transfer,2022,2024,$12,1250,,Individual,,,,,Experiment,Private/Donations,Middle income,Approximate,1
106,Japan,Kanto,Tokyo,Tokyo,Maezawa Method Basic Income Social Experiment,https://www.yusakumaezawa.com/en/data/,Unconditional Cash Transfer,2020,2021,$750,500,,Individual,,,https://www.vox.com/future-perfect/2020/1/13/21063764/basic-income-japan-yusaku-maezawa-andrew-yang,Subjective well-being,Experiment,Private/Donations,High income,Approximate,1
107,Indonesia,Java,Yogyakarta,Yogyakarta,Jamesta Istimewa,https://jamestaistimewa.id,Unconditional Cash Transfer,2021,2022,$33,25,,Individual,,,https://basicincome.org/news/2023/05/indonesia-yogyakartas-basic-income-pilot-experiment-ybip/,,Experiment,Private/Donations,Low income,Approximate,1
108,United Kingdom,City of London,London,London,UK Universal Basic Income Trial,https://moneyweek.com/economy/uk-economy/uk-launches-universal-basic-income,Unconditional Cash Transfer,2023,2025,"$2,033",30,,Individual,30,,https://www.thetimes.co.uk/money-mentor/article/the-uk-universal-basic-income-trial/,,Experiment,Private/Donations,High income,Approximate,1
109,United States,Colorado,Denver,Denver ,Denver Basic Income Project,https://www.denverbasicincomeproject.org,Unconditional Cash Transfer,2022,2024,"$1,000",520,,Individual,300,520,,Housing Stability/Living Conditions,Experiment,Private/Donations,High income,As stated,1
110,United States,Colorado,Boulder,Boulder,Elevate Boulder,"https://bouldercolorado.gov/projects/guaranteed-income-pilot-project#:~:text=Project%20Overview,per%20month%20for%20two%20years.",Unconditional Cash Transfer,2023,2025,$500,200,,Individual,,,,,Experiment,Government,High Income,As stated,1
111,United States,Michigan,Flint,Flint,RxKids,https://flintrxkids.com/#intro,Unconditional Cash Transfer,2024,2027,$500,1200,,Individual,,,https://www.businessinsider.com/guaranteed-income-program-flint-michigan-new-moms-500-a-month-2024-1,,Experiment,Government,High income,Approximate,1
112,United States,California,McKinleyville,McKinleyville,Humboldt Income Program,https://mckfrc.org/humboldt-income-program,Unconditional Cash Transfer,2024,2026,$920,150,,Individual,,,https://lostcoastoutpost.com/2023/dec/19/enrollment-open-humboldt-income-program-which-will/,,Experiment,Government,High income,As stated,1
113,United States,California,Sacramento,Sacramento,Direct Investment Program in Sacramento - Phase 2,https://www.yourlocalunitedway.org/our-work/invest-in-families/guaranteed-income-program/,Unconditional Cash Transfer,2023,2024,$500,80,,Household,,,https://www.yourlocalunitedway.org/our-work/invest-in-families/guaranteed-income-program/,,Experiment,Government,High income,As stated,1
114,United States,California,Sacramento,Sacramento,Guaranteed Income 3.0,https://www.yourlocalunitedway.org/our-work/invest-in-families/guaranteed-income-program/,Unconditional Cash Transfer,2024,2024,$500,130,,Household,,,,,Experiment,Government,High income,As stated,1
115,United States,California,Concord,Concord,ELEVATE Concord,https://monumentimpact.org/programs/cross-cutting-programs-strategies/elevate-concord/,Unconditional Cash Transfer,2023,2024,$500,120,,Household,,,,,Experiment,Government,High income,Approximate,1
116,United States,California,San Francisco,San Francisco,Abundant Birth Project,https://abundantbirtheval.ucsf.edu,Unconditional Cash Transfer,2021,2022,"$1,000",150,,Individual,,,https://www.sf.gov/news/program-providing-basic-income-black-pregnant-women-expands-help-mothers-across-state,Effect on Children,Experiment,Government,High income,Approximate,1
117,United States,California,Oakland,Oakland,BEEM,https://beemproject.org/,Unconditional Cash Transfer,2023,2025,$500,300,,Individual,,,,Demand for Healthcare,Experiment,Government,High income,Approximate,1
118,United States,California,Ventura,Ventura,VC Thrive,https://news.ventura.org/en/hsa-new-income-pilot-program/,Unconditional Cash Transfer,2024,2026,"$1,000",150,,Individual,,,https://www.jamesstorehouse.org/vcthrive,,Experiment,Government,High income,As stated,1
119,United States,California,El Monte,El Monte,City of El Monte Guaranteed Basic Income Program,https://www.elmonteca.gov/DocumentCenter/View/5801/GBI_EL-MONTE-Program-Announcement?bidId=,Unconditional Cash Transfer,2023,2024,$500,125,,Household,,,https://www.ci.el-monte.ca.us/682/Guaranteed-Income-Program,,Experiment,Government,High income,As stated,1
120,United States,California,Los Angeles,Los Angeles,Mothers Rising for Guaranteed Basic Income,"https://risingcommunities.org/mothers-rising-for-guaranteed-basic-income/#:~:text=A%20guaranteed%20basic%20income%20program,the%20recipients%20and%20their%20families.",Unconditional Cash Transfer,2024,2026,$500,100,,Individual,,,,,Experiment,Government,High income,As stated,1
121,United States,California,San Diego,San Diego,Family Income for Empowerment Program,"https://www.jfssd.org/our-services/economic-mobility-opportunity/family-income-for-empowerment-program/#:~:text=In%20partnership%20with%20the%20County,of%20%24500%20for%2024%20months.",Unconditional Cash Transfer,2022,2024,$500,485,,Household,,,https://voiceofsandiego.org/2022/09/08/advocates-are-piloting-a-new-kind-of-income-assistance/,,Experiment,Private/Donations,High income,As stated,1
122,United States,Colorado,Denver,Denver ,Healthy Beginnings Project,https://goldbuginc.com/blog/healthy-beginnings-project/,Unconditional Cash Transfer,2023,2025,$750,20,,Individual,,,,,Experiment,Private/Donations,High Income,As stated,1
123,United States,Massachusetts,Lynn,Lynn,Family Health Project,https://www.family-health-project.org,Unconditional Cash Transfer,2021,2024,$400,15,,Individual,,,,,Experiment,Private/Donations,High Income,As stated,1
124,United States,Massachusetts,Roxbury,Roxbury,Family Health Project,https://www.family-health-project.org,Unconditional Cash Transfer,2021,2024,$400,15,,Individual,,,,,Experiment,Private/Donations,High Income,As stated,1
125,United States,Connecticut,New Haven,New Haven,Elm City Reentry Pilot,https://www.4-ct.org/elm-city-reentry-pilot/,Unconditional Cash Transfer,2023,2024,$500,40,,Individual,,,"https://www.newhavenct.gov/Home/Components/News/News/263/144#:~:text=The%20pilot%20will%20provide%20twenty,face%20when%20returning%20from%20incarceration.",Work Effort/Labor Supply Responses,Experiment,Private/Donations,High Income,As stated,1
125,United States,Connecticut,New Haven,New Haven,Elm City Reentry Pilot,https://www.4-ct.org/elm-city-reentry-pilot/,Unconditional Cash Transfer,2023,2024,$500,40,,Individual,,,"https://www.newhavenct.gov/Home/Components/News/News/263/144#:~:text=The%20pilot%20will%20provide%20twenty,face%20when%20returning%20from%20incarceration.",Housing Stability/Living Conditions,Experiment,Private/Donations,High Income,As stated,1
125,United States,Connecticut,New Haven,New Haven,Elm City Reentry Pilot,https://www.4-ct.org/elm-city-reentry-pilot/,Unconditional Cash Transfer,2023,2024,$500,40,,Individual,,,"https://www.newhavenct.gov/Home/Components/News/News/263/144#:~:text=The%20pilot%20will%20provide%20twenty,face%20when%20returning%20from%20incarceration.",Family Stability/Marital Dissolution/Family Interaction and Attitudes,Experiment,Private/Donations,High Income,As stated,1
125,United States,Connecticut,New Haven,New Haven,Elm City Reentry Pilot,https://www.4-ct.org/elm-city-reentry-pilot/,Unconditional Cash Transfer,2023,2024,$500,40,,Individual,,,"https://www.newhavenct.gov/Home/Components/News/News/263/144#:~:text=The%20pilot%20will%20provide%20twenty,face%20when%20returning%20from%20incarceration.",Politics and Social Behaviour/Community Involvement/Mobilisation/Empowerment,Experiment,Private/Donations,High Income,As stated,1
125,United States,Connecticut,New Haven,New Haven,Elm City Reentry Pilot,https://www.4-ct.org/elm-city-reentry-pilot/,Unconditional Cash Transfer,2023,2024,$500,40,,Individual,,,"https://www.newhavenct.gov/Home/Components/News/News/263/144#:~:text=The%20pilot%20will%20provide%20twenty,face%20when%20returning%20from%20incarceration.",Mental Health,Experiment,Private/Donations,High Income,As stated,1
125,United States,Connecticut,New Haven,New Haven,Elm City Reentry Pilot,https://www.4-ct.org/elm-city-reentry-pilot/,Unconditional Cash Transfer,2023,2024,$500,40,,Individual,,,"https://www.newhavenct.gov/Home/Components/News/News/263/144#:~:text=The%20pilot%20will%20provide%20twenty,face%20when%20returning%20from%20incarceration.",Recidivism,Experiment,Private/Donations,High Income,As stated,1
126,United States,New York,New York,New York,The Bridge Project,https://bridgeproject.org/our-work/,Unconditional Cash Transfer,2021,2024,"$1,000",600,,Individual,,,,Mental Health,Experiment,Private/Donations,High income,Approximate,1
126,United States,New York,New York,New York,The Bridge Project,https://bridgeproject.org/our-work/,Unconditional Cash Transfer,2021,2024,"$1,000",600,,Individual,,,,Politics and Social Behaviour/Community Involvement/Mobilisation/Empowerment,Experiment,Private/Donations,High income,Approximate,1
127,United States,New York,New York,New York,Trust Youth Initiative,"https://www.chapinhall.org/project/innovative-direct-cash-transfer-pilot-program-for-youth-experiencing-homelessness-to-expand-to-san-francisco/#:~:text=The%20Trust%20Youth%20Initiative%3A%20Direct,personal%20goals%20and%20a%20one%2D",Unconditional Cash Transfer,2021,2023,"$1,250",35,,Individual,,,,Housing Stability/Living Conditions,Experiment,Government,High income,As stated,1
128,Brazil,Regi黍 Metropolitana do Rio de Janeiro,Maric,Maric,Renda Bsica de Cidadania,https://www.maricabasicincome.com,Unconditional Cash Transfer,2015,,$39,42000,,Individual,,,https://jainfamilyinstitute.org/wp-content/uploads/pdf/fact-sheet-august-2022.pdf,,Current policy/program,Government,Middle income,As stated,0
129,India,Tamil Nadu,Chennai,Chennai,Magalir Urimai Thogai Thittam (Womenﾕs Right to Income Scheme),https://www.outlookindia.com/national/tamil-nadu-to-launch-basic-income-scheme-for-women-on-september-15-news-317851,Unconditional Cash Transfer,2023,,$12,200000,,Household,,,https://www.fairplanet.org/story/inside-tamil-nadus-womens-rights-grant-programme/,,Current policy/program,Government,Middle income,Approximate,0
130,South Korea,Seoul Capital,Seoul,Seoul,Seoul Safety Income Project,https://www.koreatimes.co.kr/www/nation/2024/02/113_359789.html,Unconditional Cash Transfer,2022,2025,"$1,500",481,,Household,,,https://english.seoul.go.kr/increased-income-and-better-quality-of-life-for-households-of-the-seoul-safety-income-project-ssip/,,Experiment,Government,High income,Approximate,1
131,Taiwan,Taipei,Taipei,Taipei,Taiwan Basic Income,https://www.reuters.com/markets/asia/taiwan-give-cash-payouts-citizens-new-year-blessing-2023-01-04/,Unconditional Cash Transfer,2024,2024,$200,23000000,,Individual,,,https://basicincome.org/news/2023/01/taiwan-makes-history-with-universal-cash-payment-plan/,,Current policy/program,Government,High income,Approximate,1